source,source_row,record_id,field,before,after,rule
requests,1,REQ-CASE-ABSENT-OWNER,requested_at,2026-07-20T09:00:00Z,2026-07-20T09:00:00.000000Z,SAFE_CANONICAL_FORMAT
requests,2,REQ-CASE-AFTER-CUTOFF,requested_at,2026-07-20T09:00:00Z,2026-07-20T09:00:00.000000Z,SAFE_CANONICAL_FORMAT
requests,3,REQ-CASE-ALTERNATIVE-REFERENCE,requested_at,2026-07-20T09:00:00Z,2026-07-20T09:00:00.000000Z,SAFE_CANONICAL_FORMAT
requests,4,REQ-CASE-ALTERNATIVE-REQUEST,requested_at,2026-07-20T09:00:00Z,2026-07-20T09:00:00.000000Z,SAFE_CANONICAL_FORMAT
requests,5,REQ-CASE-AMBIGUOUS-REFERENCE,requested_at,2026-07-20T09:00:00Z,2026-07-20T09:00:00.000000Z,SAFE_CANONICAL_FORMAT
requests,6,REQ-CASE-AMBIGUOUS-STATE,requested_at,2026-07-20T09:00:00Z,2026-07-20T09:00:00.000000Z,SAFE_CANONICAL_FORMAT
requests,7,REQ-CASE-BAD-AMOUNT,requested_at,2026-07-20T09:00:00Z,2026-07-20T09:00:00.000000Z,SAFE_CANONICAL_FORMAT
requests,8,REQ-CASE-BAD-CASE-HISTORY,requested_at,2026-07-20T09:00:00Z,2026-07-20T09:00:00.000000Z,SAFE_CANONICAL_FORMAT
requests,9,REQ-CASE-BAD-PO-HISTORY,requested_at,2026-07-20T09:00:00Z,2026-07-20T09:00:00.000000Z,SAFE_CANONICAL_FORMAT
requests,10,REQ-CASE-BAD-TIMESTAMP,requested_at,2026-07-20T09:00:00Z,2026-07-20T09:00:00.000000Z,SAFE_CANONICAL_FORMAT
requests,11,REQ-CASE-BEFORE-COHORT,requested_at,2026-07-20T09:00:00Z,2026-07-20T09:00:00.000000Z,SAFE_CANONICAL_FORMAT
requests,12,REQ-CASE-CAPITAL,requested_at,2026-07-20T09:00:00Z,2026-07-20T09:00:00.000000Z,SAFE_CANONICAL_FORMAT
requests,13,REQ-CASE-CLEANUP,requested_at,2026-07-20T09:00:00Z,2026-07-20T09:00:00.000000Z,SAFE_CANONICAL_FORMAT
requests,14,REQ-CASE-CLOSED,requested_at,2026-07-20T09:00:00Z,2026-07-20T09:00:00.000000Z,SAFE_CANONICAL_FORMAT
requests,15,REQ-CASE-CLOSED-PO,requested_at,2026-07-20T09:00:00Z,2026-07-20T09:00:00.000000Z,SAFE_CANONICAL_FORMAT
requests,16,REQ-CASE-COMMERCIAL-COLLISION-A,requested_at,2026-07-20T09:00:00Z,2026-07-20T09:00:00.000000Z,SAFE_CANONICAL_FORMAT
requests,17,REQ-CASE-COMMERCIAL-COLLISION-B,requested_at,2026-07-20T09:00:00Z,2026-07-20T09:00:00.000000Z,SAFE_CANONICAL_FORMAT
requests,18,REQ-CASE-CONFLICT-DUPLICATE,requested_at,2026-07-20T09:00:00Z,2026-07-20T09:00:00.000000Z,SAFE_CANONICAL_FORMAT
requests,19,REQ-CASE-CREDIT-NOTE,requested_at,2026-07-20T09:00:00Z,2026-07-20T09:00:00.000000Z,SAFE_CANONICAL_FORMAT
requests,20,REQ-CASE-CURRENCY-MISMATCH,requested_at,2026-07-20T09:00:00Z,2026-07-20T09:00:00.000000Z,SAFE_CANONICAL_FORMAT
requests,21,REQ-CASE-EMERGENCY,requested_at,2026-07-20T09:00:00Z,2026-07-20T09:00:00.000000Z,SAFE_CANONICAL_FORMAT
requests,22,REQ-CASE-EQUAL-RECEIPT,requested_at,2026-07-20T09:00:00Z,2026-07-20T09:00:00.000000Z,SAFE_CANONICAL_FORMAT
requests,23,REQ-CASE-EXACT-DUPLICATE,requested_at,2026-07-20T09:00:00Z,2026-07-20T09:00:00.000000Z,SAFE_CANONICAL_FORMAT
requests,24,REQ-CASE-FUTURE-REFERENCE,requested_at,2026-07-20T09:00:00Z,2026-07-20T09:00:00.000000Z,SAFE_CANONICAL_FORMAT
requests,25,REQ-CASE-FUTURE-STATE,requested_at,2026-07-20T09:00:00Z,2026-07-20T09:00:00.000000Z,SAFE_CANONICAL_FORMAT
requests,26,REQ-CASE-LATE-CANCELLATION,requested_at,2026-07-20T09:00:00Z,2026-07-20T09:00:00.000000Z,SAFE_CANONICAL_FORMAT
requests,27,REQ-CASE-LATE-CREATED,requested_at,2026-07-20T09:00:00Z,2026-07-20T09:00:00.000000Z,SAFE_CANONICAL_FORMAT
requests,28,REQ-CASE-LATE-RECORDED,requested_at,2026-07-20T09:00:00Z,2026-07-20T09:00:00.000000Z,SAFE_CANONICAL_FORMAT
requests,29,REQ-CASE-LATER-APPROVAL,requested_at,2026-07-20T09:00:00Z,2026-07-20T09:00:00.000000Z,SAFE_CANONICAL_FORMAT
requests,30,REQ-CASE-MISSING-REFERENCE,requested_at,2026-07-20T09:00:00Z,2026-07-20T09:00:00.000000Z,SAFE_CANONICAL_FORMAT
requests,31,REQ-CASE-NO-STATE,requested_at,2026-07-20T09:00:00Z,2026-07-20T09:00:00.000000Z,SAFE_CANONICAL_FORMAT
requests,32,REQ-CASE-NON-GBP,requested_at,2026-07-20T09:00:00Z,2026-07-20T09:00:00.000000Z,SAFE_CANONICAL_FORMAT
requests,33,REQ-CASE-PO-EXEMPT,requested_at,2026-07-20T09:00:00Z,2026-07-20T09:00:00.000000Z,SAFE_CANONICAL_FORMAT
requests,34,REQ-CASE-REFERENCE-REPAIR,requested_at,2026-07-20T09:00:00Z,2026-07-20T09:00:00.000000Z,SAFE_CANONICAL_FORMAT
requests,35,REQ-CASE-REOPENED,requested_at,2026-07-20T09:00:00Z,2026-07-20T09:00:00.000000Z,SAFE_CANONICAL_FORMAT
requests,36,REQ-CASE-SHARED-PO,requested_at,2026-07-20T09:00:00Z,2026-07-20T09:00:00.000000Z,SAFE_CANONICAL_FORMAT
requests,37,REQ-CASE-UNKNOWN-REFERENCE,requested_at,2026-07-20T09:00:00Z,2026-07-20T09:00:00.000000Z,SAFE_CANONICAL_FORMAT
requests,38,REQ-CASE-UNKNOWN-REQUEST,requested_at,2026-07-20T09:00:00Z,2026-07-20T09:00:00.000000Z,SAFE_CANONICAL_FORMAT
requests,39,REQ-CASE-UNKNOWN-SUPPLIER,requested_at,2026-07-20T09:00:00Z,2026-07-20T09:00:00.000000Z,SAFE_CANONICAL_FORMAT
requests,40,REQ-CASE-WRONG-REQUEST,requested_at,2026-07-20T09:00:00Z,2026-07-20T09:00:00.000000Z,SAFE_CANONICAL_FORMAT
requests,41,REQ-CASE-WRONG-SUPPLIER,requested_at,2026-07-20T09:00:00Z,2026-07-20T09:00:00.000000Z,SAFE_CANONICAL_FORMAT
requests,42,REQ-SYN-001,requested_at,2026-08-08T10:00:00Z,2026-08-08T10:00:00.000000Z,SAFE_CANONICAL_FORMAT
requests,43,REQ-SYN-002,requested_at,2026-08-05T15:00:00Z,2026-08-05T15:00:00.000000Z,SAFE_CANONICAL_FORMAT
requests,44,REQ-SYN-003,requested_at,2026-07-26T11:00:00Z,2026-07-26T11:00:00.000000Z,SAFE_CANONICAL_FORMAT
requests,45,REQ-SYN-004,requested_at,2026-07-28T11:00:00Z,2026-07-28T11:00:00.000000Z,SAFE_CANONICAL_FORMAT
requests,46,REQ-SYN-005,requested_at,2026-08-09T14:00:00Z,2026-08-09T14:00:00.000000Z,SAFE_CANONICAL_FORMAT
requests,47,REQ-SYN-006,requested_at,2026-07-31T15:00:00Z,2026-07-31T15:00:00.000000Z,SAFE_CANONICAL_FORMAT
requests,48,REQ-SYN-007,requested_at,2026-07-30T10:00:00Z,2026-07-30T10:00:00.000000Z,SAFE_CANONICAL_FORMAT
requests,49,REQ-SYN-008,requested_at,2026-08-01T10:00:00Z,2026-08-01T10:00:00.000000Z,SAFE_CANONICAL_FORMAT
requests,50,REQ-SYN-009,requested_at,2026-07-31T14:00:00Z,2026-07-31T14:00:00.000000Z,SAFE_CANONICAL_FORMAT
requests,51,REQ-SYN-010,requested_at,2026-08-01T15:00:00Z,2026-08-01T15:00:00.000000Z,SAFE_CANONICAL_FORMAT
requests,52,REQ-SYN-011,requested_at,2026-07-29T15:00:00Z,2026-07-29T15:00:00.000000Z,SAFE_CANONICAL_FORMAT
requests,53,REQ-SYN-012,requested_at,2026-08-07T15:00:00Z,2026-08-07T15:00:00.000000Z,SAFE_CANONICAL_FORMAT
requests,54,REQ-SYN-013,requested_at,2026-08-03T12:00:00Z,2026-08-03T12:00:00.000000Z,SAFE_CANONICAL_FORMAT
requests,55,REQ-SYN-014,requested_at,2026-07-23T10:00:00Z,2026-07-23T10:00:00.000000Z,SAFE_CANONICAL_FORMAT
requests,56,REQ-SYN-015,requested_at,2026-07-29T11:00:00Z,2026-07-29T11:00:00.000000Z,SAFE_CANONICAL_FORMAT
requests,57,REQ-SYN-016,requested_at,2026-07-29T14:00:00Z,2026-07-29T14:00:00.000000Z,SAFE_CANONICAL_FORMAT
requests,58,REQ-SYN-017,requested_at,2026-07-27T13:00:00Z,2026-07-27T13:00:00.000000Z,SAFE_CANONICAL_FORMAT
requests,59,REQ-SYN-018,requested_at,2026-07-31T12:00:00Z,2026-07-31T12:00:00.000000Z,SAFE_CANONICAL_FORMAT
requests,60,REQ-SYN-019,requested_at,2026-08-13T15:00:00Z,2026-08-13T15:00:00.000000Z,SAFE_CANONICAL_FORMAT
requests,61,REQ-SYN-020,requested_at,2026-07-31T14:00:00Z,2026-07-31T14:00:00.000000Z,SAFE_CANONICAL_FORMAT
requests,62,REQ-SYN-021,requested_at,2026-07-28T10:00:00Z,2026-07-28T10:00:00.000000Z,SAFE_CANONICAL_FORMAT
requests,63,REQ-SYN-022,requested_at,2026-08-09T11:00:00Z,2026-08-09T11:00:00.000000Z,SAFE_CANONICAL_FORMAT
requests,64,REQ-SYN-023,requested_at,2026-08-15T14:00:00Z,2026-08-15T14:00:00.000000Z,SAFE_CANONICAL_FORMAT
requests,65,REQ-SYN-024,requested_at,2026-07-21T10:00:00Z,2026-07-21T10:00:00.000000Z,SAFE_CANONICAL_FORMAT
requests,66,REQ-SYN-025,requested_at,2026-08-04T12:00:00Z,2026-08-04T12:00:00.000000Z,SAFE_CANONICAL_FORMAT
requests,67,REQ-SYN-026,requested_at,2026-08-13T12:00:00Z,2026-08-13T12:00:00.000000Z,SAFE_CANONICAL_FORMAT
requests,68,REQ-SYN-027,requested_at,2026-07-31T10:00:00Z,2026-07-31T10:00:00.000000Z,SAFE_CANONICAL_FORMAT
requests,69,REQ-SYN-028,requested_at,2026-07-27T14:00:00Z,2026-07-27T14:00:00.000000Z,SAFE_CANONICAL_FORMAT
requests,70,REQ-SYN-029,requested_at,2026-07-25T11:00:00Z,2026-07-25T11:00:00.000000Z,SAFE_CANONICAL_FORMAT
requests,71,REQ-SYN-030,requested_at,2026-07-24T15:00:00Z,2026-07-24T15:00:00.000000Z,SAFE_CANONICAL_FORMAT
requests,72,REQ-SYN-031,requested_at,2026-07-23T15:00:00Z,2026-07-23T15:00:00.000000Z,SAFE_CANONICAL_FORMAT
requests,73,REQ-SYN-032,requested_at,2026-07-31T14:00:00Z,2026-07-31T14:00:00.000000Z,SAFE_CANONICAL_FORMAT
requests,74,REQ-SYN-033,requested_at,2026-07-26T11:00:00Z,2026-07-26T11:00:00.000000Z,SAFE_CANONICAL_FORMAT
requests,75,REQ-SYN-034,requested_at,2026-08-05T15:00:00Z,2026-08-05T15:00:00.000000Z,SAFE_CANONICAL_FORMAT
requests,76,REQ-SYN-035,requested_at,2026-08-03T12:00:00Z,2026-08-03T12:00:00.000000Z,SAFE_CANONICAL_FORMAT
requests,77,REQ-SYN-036,requested_at,2026-08-03T12:00:00Z,2026-08-03T12:00:00.000000Z,SAFE_CANONICAL_FORMAT
requests,78,REQ-SYN-037,requested_at,2026-07-29T12:00:00Z,2026-07-29T12:00:00.000000Z,SAFE_CANONICAL_FORMAT
requests,79,REQ-SYN-038,requested_at,2026-08-12T11:00:00Z,2026-08-12T11:00:00.000000Z,SAFE_CANONICAL_FORMAT
requests,80,REQ-SYN-039,requested_at,2026-07-30T11:00:00Z,2026-07-30T11:00:00.000000Z,SAFE_CANONICAL_FORMAT
requests,81,REQ-SYN-040,requested_at,2026-08-07T13:00:00Z,2026-08-07T13:00:00.000000Z,SAFE_CANONICAL_FORMAT
requests,82,REQ-SYN-041,requested_at,2026-08-05T15:00:00Z,2026-08-05T15:00:00.000000Z,SAFE_CANONICAL_FORMAT
requests,83,REQ-SYN-042,requested_at,2026-08-04T12:00:00Z,2026-08-04T12:00:00.000000Z,SAFE_CANONICAL_FORMAT
requests,84,REQ-SYN-043,requested_at,2026-08-04T11:00:00Z,2026-08-04T11:00:00.000000Z,SAFE_CANONICAL_FORMAT
requests,85,REQ-SYN-044,requested_at,2026-08-08T15:00:00Z,2026-08-08T15:00:00.000000Z,SAFE_CANONICAL_FORMAT
requests,86,REQ-SYN-045,requested_at,2026-08-05T13:00:00Z,2026-08-05T13:00:00.000000Z,SAFE_CANONICAL_FORMAT
requests,87,REQ-SYN-046,requested_at,2026-08-01T14:00:00Z,2026-08-01T14:00:00.000000Z,SAFE_CANONICAL_FORMAT
requests,88,REQ-SYN-047,requested_at,2026-08-09T15:00:00Z,2026-08-09T15:00:00.000000Z,SAFE_CANONICAL_FORMAT
requests,89,REQ-SYN-048,requested_at,2026-07-29T11:00:00Z,2026-07-29T11:00:00.000000Z,SAFE_CANONICAL_FORMAT
requests,90,REQ-SYN-049,requested_at,2026-07-23T10:00:00Z,2026-07-23T10:00:00.000000Z,SAFE_CANONICAL_FORMAT
requests,91,REQ-SYN-050,requested_at,2026-07-31T13:00:00Z,2026-07-31T13:00:00.000000Z,SAFE_CANONICAL_FORMAT
requests,92,REQ-SYN-051,requested_at,2026-08-02T13:00:00Z,2026-08-02T13:00:00.000000Z,SAFE_CANONICAL_FORMAT
requests,93,REQ-SYN-052,requested_at,2026-08-14T15:00:00Z,2026-08-14T15:00:00.000000Z,SAFE_CANONICAL_FORMAT
requests,94,REQ-SYN-053,requested_at,2026-07-23T10:00:00Z,2026-07-23T10:00:00.000000Z,SAFE_CANONICAL_FORMAT
requests,95,REQ-SYN-054,requested_at,2026-08-06T14:00:00Z,2026-08-06T14:00:00.000000Z,SAFE_CANONICAL_FORMAT
requests,96,REQ-SYN-055,requested_at,2026-08-07T11:00:00Z,2026-08-07T11:00:00.000000Z,SAFE_CANONICAL_FORMAT
requests,97,REQ-SYN-056,requested_at,2026-08-11T10:00:00Z,2026-08-11T10:00:00.000000Z,SAFE_CANONICAL_FORMAT
requests,98,REQ-SYN-057,requested_at,2026-07-28T13:00:00Z,2026-07-28T13:00:00.000000Z,SAFE_CANONICAL_FORMAT
requests,99,REQ-SYN-058,requested_at,2026-08-06T12:00:00Z,2026-08-06T12:00:00.000000Z,SAFE_CANONICAL_FORMAT
requests,100,REQ-SYN-059,requested_at,2026-08-11T10:00:00Z,2026-08-11T10:00:00.000000Z,SAFE_CANONICAL_FORMAT
requests,101,REQ-SYN-060,requested_at,2026-08-10T14:00:00Z,2026-08-10T14:00:00.000000Z,SAFE_CANONICAL_FORMAT
purchase_orders,1,PO-CASE-ABSENT-OWNER,created_at,2026-07-25T09:00:00Z,2026-07-25T09:00:00.000000Z,SAFE_CANONICAL_FORMAT
purchase_orders,2,PO-CASE-AFTER-CUTOFF,created_at,2026-07-25T09:00:00Z,2026-07-25T09:00:00.000000Z,SAFE_CANONICAL_FORMAT
purchase_orders,3,PO-CASE-ALTERNATIVE-REFERENCE,created_at,2026-07-25T09:00:00Z,2026-07-25T09:00:00.000000Z,SAFE_CANONICAL_FORMAT
purchase_orders,4,PO-CASE-ALTERNATIVE-REQUEST,created_at,2026-07-25T09:00:00Z,2026-07-25T09:00:00.000000Z,SAFE_CANONICAL_FORMAT
purchase_orders,5,PO-CASE-AMBIGUOUS-REFERENCE,created_at,2026-07-25T09:00:00Z,2026-07-25T09:00:00.000000Z,SAFE_CANONICAL_FORMAT
purchase_orders,6,PO-CASE-AMBIGUOUS-STATE,created_at,2026-07-25T09:00:00Z,2026-07-25T09:00:00.000000Z,SAFE_CANONICAL_FORMAT
purchase_orders,7,PO-CASE-BAD-AMOUNT,created_at,2026-07-25T09:00:00Z,2026-07-25T09:00:00.000000Z,SAFE_CANONICAL_FORMAT
purchase_orders,8,PO-CASE-BAD-CASE-HISTORY,created_at,2026-07-25T09:00:00Z,2026-07-25T09:00:00.000000Z,SAFE_CANONICAL_FORMAT
purchase_orders,9,PO-CASE-BAD-PO-HISTORY,created_at,2026-07-25T09:00:00Z,2026-07-25T09:00:00.000000Z,SAFE_CANONICAL_FORMAT
purchase_orders,10,PO-CASE-BAD-TIMESTAMP,created_at,2026-07-25T09:00:00Z,2026-07-25T09:00:00.000000Z,SAFE_CANONICAL_FORMAT
purchase_orders,11,PO-CASE-BEFORE-COHORT,created_at,2026-07-25T09:00:00Z,2026-07-25T09:00:00.000000Z,SAFE_CANONICAL_FORMAT
purchase_orders,12,PO-CASE-CAPITAL,created_at,2026-07-25T09:00:00Z,2026-07-25T09:00:00.000000Z,SAFE_CANONICAL_FORMAT
purchase_orders,13,PO-CASE-CLEANUP,created_at,2026-07-25T09:00:00Z,2026-07-25T09:00:00.000000Z,SAFE_CANONICAL_FORMAT
purchase_orders,14,PO-CASE-CLOSED,created_at,2026-07-25T09:00:00Z,2026-07-25T09:00:00.000000Z,SAFE_CANONICAL_FORMAT
purchase_orders,15,PO-CASE-CLOSED-PO,created_at,2026-07-25T09:00:00Z,2026-07-25T09:00:00.000000Z,SAFE_CANONICAL_FORMAT
purchase_orders,16,PO-CASE-COMMERCIAL-COLLISION-A,created_at,2026-07-25T09:00:00Z,2026-07-25T09:00:00.000000Z,SAFE_CANONICAL_FORMAT
purchase_orders,17,PO-CASE-COMMERCIAL-COLLISION-B,created_at,2026-07-25T09:00:00Z,2026-07-25T09:00:00.000000Z,SAFE_CANONICAL_FORMAT
purchase_orders,18,PO-CASE-CONFLICT-DUPLICATE,created_at,2026-07-25T09:00:00Z,2026-07-25T09:00:00.000000Z,SAFE_CANONICAL_FORMAT
purchase_orders,19,PO-CASE-CREDIT-NOTE,created_at,2026-07-25T09:00:00Z,2026-07-25T09:00:00.000000Z,SAFE_CANONICAL_FORMAT
purchase_orders,20,PO-CASE-CURRENCY-MISMATCH,created_at,2026-07-25T09:00:00Z,2026-07-25T09:00:00.000000Z,SAFE_CANONICAL_FORMAT
purchase_orders,21,PO-CASE-EMERGENCY,created_at,2026-07-25T09:00:00Z,2026-07-25T09:00:00.000000Z,SAFE_CANONICAL_FORMAT
purchase_orders,22,PO-CASE-EQUAL-RECEIPT,created_at,2026-07-25T09:00:00Z,2026-07-25T09:00:00.000000Z,SAFE_CANONICAL_FORMAT
purchase_orders,23,PO-CASE-EXACT-DUPLICATE,created_at,2026-07-25T09:00:00Z,2026-07-25T09:00:00.000000Z,SAFE_CANONICAL_FORMAT
purchase_orders,24,PO-CASE-FUTURE-REFERENCE,created_at,2026-07-25T09:00:00Z,2026-07-25T09:00:00.000000Z,SAFE_CANONICAL_FORMAT
purchase_orders,25,PO-CASE-FUTURE-STATE,created_at,2026-07-25T09:00:00Z,2026-07-25T09:00:00.000000Z,SAFE_CANONICAL_FORMAT
purchase_orders,26,PO-CASE-LATE-CANCELLATION,created_at,2026-07-25T09:00:00Z,2026-07-25T09:00:00.000000Z,SAFE_CANONICAL_FORMAT
purchase_orders,27,PO-CASE-LATE-CREATED,created_at,2026-08-12T09:00:00Z,2026-08-12T09:00:00.000000Z,SAFE_CANONICAL_FORMAT
purchase_orders,28,PO-CASE-LATE-RECORDED,created_at,2026-07-25T09:00:00Z,2026-07-25T09:00:00.000000Z,SAFE_CANONICAL_FORMAT
purchase_orders,29,PO-CASE-LATER-APPROVAL,created_at,2026-07-25T09:00:00Z,2026-07-25T09:00:00.000000Z,SAFE_CANONICAL_FORMAT
purchase_orders,30,PO-CASE-MISSING-REFERENCE,created_at,2026-07-25T09:00:00Z,2026-07-25T09:00:00.000000Z,SAFE_CANONICAL_FORMAT
purchase_orders,31,PO-CASE-NO-STATE,created_at,2026-07-25T09:00:00Z,2026-07-25T09:00:00.000000Z,SAFE_CANONICAL_FORMAT
purchase_orders,32,PO-CASE-NON-GBP,created_at,2026-07-25T09:00:00Z,2026-07-25T09:00:00.000000Z,SAFE_CANONICAL_FORMAT
purchase_orders,33,PO-CASE-PO-EXEMPT,created_at,2026-07-25T09:00:00Z,2026-07-25T09:00:00.000000Z,SAFE_CANONICAL_FORMAT
purchase_orders,34,PO-CASE-REFERENCE-REPAIR,created_at,2026-07-25T09:00:00Z,2026-07-25T09:00:00.000000Z,SAFE_CANONICAL_FORMAT
purchase_orders,35,PO-CASE-REOPENED,created_at,2026-07-25T09:00:00Z,2026-07-25T09:00:00.000000Z,SAFE_CANONICAL_FORMAT
purchase_orders,36,PO-CASE-SHARED-PO,created_at,2026-07-25T09:00:00Z,2026-07-25T09:00:00.000000Z,SAFE_CANONICAL_FORMAT
purchase_orders,37,PO-CASE-UNKNOWN-REFERENCE,created_at,2026-07-25T09:00:00Z,2026-07-25T09:00:00.000000Z,SAFE_CANONICAL_FORMAT
purchase_orders,38,PO-CASE-UNKNOWN-REQUEST,created_at,2026-07-25T09:00:00Z,2026-07-25T09:00:00.000000Z,SAFE_CANONICAL_FORMAT
purchase_orders,39,PO-CASE-UNKNOWN-SUPPLIER,created_at,2026-07-25T09:00:00Z,2026-07-25T09:00:00.000000Z,SAFE_CANONICAL_FORMAT
purchase_orders,40,PO-CASE-WRONG-REQUEST,created_at,2026-07-25T09:00:00Z,2026-07-25T09:00:00.000000Z,SAFE_CANONICAL_FORMAT
purchase_orders,41,PO-CASE-WRONG-SUPPLIER,created_at,2026-07-25T09:00:00Z,2026-07-25T09:00:00.000000Z,SAFE_CANONICAL_FORMAT
purchase_orders,42,PO-SYN-001,created_at,2026-08-10T10:00:00Z,2026-08-10T10:00:00.000000Z,SAFE_CANONICAL_FORMAT
purchase_orders,43,PO-SYN-002,created_at,2026-08-07T15:00:00Z,2026-08-07T15:00:00.000000Z,SAFE_CANONICAL_FORMAT
purchase_orders,44,PO-SYN-003,created_at,2026-07-28T11:00:00Z,2026-07-28T11:00:00.000000Z,SAFE_CANONICAL_FORMAT
purchase_orders,45,PO-SYN-004,created_at,2026-07-30T11:00:00Z,2026-07-30T11:00:00.000000Z,SAFE_CANONICAL_FORMAT
purchase_orders,46,PO-SYN-005,created_at,2026-08-11T14:00:00Z,2026-08-11T14:00:00.000000Z,SAFE_CANONICAL_FORMAT
purchase_orders,47,PO-SYN-006,created_at,2026-08-02T15:00:00Z,2026-08-02T15:00:00.000000Z,SAFE_CANONICAL_FORMAT
purchase_orders,48,PO-SYN-007,created_at,2026-08-01T10:00:00Z,2026-08-01T10:00:00.000000Z,SAFE_CANONICAL_FORMAT
purchase_orders,49,PO-SYN-008,created_at,2026-08-03T10:00:00Z,2026-08-03T10:00:00.000000Z,SAFE_CANONICAL_FORMAT
purchase_orders,50,PO-SYN-009,created_at,2026-08-02T14:00:00Z,2026-08-02T14:00:00.000000Z,SAFE_CANONICAL_FORMAT
purchase_orders,51,PO-SYN-010,created_at,2026-08-03T15:00:00Z,2026-08-03T15:00:00.000000Z,SAFE_CANONICAL_FORMAT
purchase_orders,52,PO-SYN-011,created_at,2026-07-31T15:00:00Z,2026-07-31T15:00:00.000000Z,SAFE_CANONICAL_FORMAT
purchase_orders,53,PO-SYN-012,created_at,2026-08-09T15:00:00Z,2026-08-09T15:00:00.000000Z,SAFE_CANONICAL_FORMAT
purchase_orders,54,PO-SYN-013,created_at,2026-08-05T12:00:00Z,2026-08-05T12:00:00.000000Z,SAFE_CANONICAL_FORMAT
purchase_orders,55,PO-SYN-014,created_at,2026-07-25T10:00:00Z,2026-07-25T10:00:00.000000Z,SAFE_CANONICAL_FORMAT
purchase_orders,56,PO-SYN-015,created_at,2026-07-31T11:00:00Z,2026-07-31T11:00:00.000000Z,SAFE_CANONICAL_FORMAT
purchase_orders,57,PO-SYN-016,created_at,2026-07-31T14:00:00Z,2026-07-31T14:00:00.000000Z,SAFE_CANONICAL_FORMAT
purchase_orders,58,PO-SYN-017,created_at,2026-07-29T13:00:00Z,2026-07-29T13:00:00.000000Z,SAFE_CANONICAL_FORMAT
purchase_orders,59,PO-SYN-018,created_at,2026-08-02T12:00:00Z,2026-08-02T12:00:00.000000Z,SAFE_CANONICAL_FORMAT
purchase_orders,60,PO-SYN-019,created_at,2026-08-15T15:00:00Z,2026-08-15T15:00:00.000000Z,SAFE_CANONICAL_FORMAT
purchase_orders,61,PO-SYN-020,created_at,2026-08-02T14:00:00Z,2026-08-02T14:00:00.000000Z,SAFE_CANONICAL_FORMAT
purchase_orders,62,PO-SYN-021,created_at,2026-07-30T10:00:00Z,2026-07-30T10:00:00.000000Z,SAFE_CANONICAL_FORMAT
purchase_orders,63,PO-SYN-022,created_at,2026-08-11T11:00:00Z,2026-08-11T11:00:00.000000Z,SAFE_CANONICAL_FORMAT
purchase_orders,64,PO-SYN-023,created_at,2026-08-17T14:00:00Z,2026-08-17T14:00:00.000000Z,SAFE_CANONICAL_FORMAT
purchase_orders,65,PO-SYN-024,created_at,2026-07-23T10:00:00Z,2026-07-23T10:00:00.000000Z,SAFE_CANONICAL_FORMAT
purchase_orders,66,PO-SYN-025,created_at,2026-08-06T12:00:00Z,2026-08-06T12:00:00.000000Z,SAFE_CANONICAL_FORMAT
purchase_orders,67,PO-SYN-026,created_at,2026-08-15T12:00:00Z,2026-08-15T12:00:00.000000Z,SAFE_CANONICAL_FORMAT
purchase_orders,68,PO-SYN-027,created_at,2026-08-02T10:00:00Z,2026-08-02T10:00:00.000000Z,SAFE_CANONICAL_FORMAT
purchase_orders,69,PO-SYN-028,created_at,2026-07-29T14:00:00Z,2026-07-29T14:00:00.000000Z,SAFE_CANONICAL_FORMAT
purchase_orders,70,PO-SYN-029,created_at,2026-07-27T11:00:00Z,2026-07-27T11:00:00.000000Z,SAFE_CANONICAL_FORMAT
purchase_orders,71,PO-SYN-030,created_at,2026-07-26T15:00:00Z,2026-07-26T15:00:00.000000Z,SAFE_CANONICAL_FORMAT
purchase_orders,72,PO-SYN-031,created_at,2026-07-25T15:00:00Z,2026-07-25T15:00:00.000000Z,SAFE_CANONICAL_FORMAT
purchase_orders,73,PO-SYN-032,created_at,2026-08-02T14:00:00Z,2026-08-02T14:00:00.000000Z,SAFE_CANONICAL_FORMAT
purchase_orders,74,PO-SYN-033,created_at,2026-07-28T11:00:00Z,2026-07-28T11:00:00.000000Z,SAFE_CANONICAL_FORMAT
purchase_orders,75,PO-SYN-034,created_at,2026-08-07T15:00:00Z,2026-08-07T15:00:00.000000Z,SAFE_CANONICAL_FORMAT
purchase_orders,76,PO-SYN-035,created_at,2026-08-05T12:00:00Z,2026-08-05T12:00:00.000000Z,SAFE_CANONICAL_FORMAT
purchase_orders,77,PO-SYN-036,created_at,2026-08-05T12:00:00Z,2026-08-05T12:00:00.000000Z,SAFE_CANONICAL_FORMAT
purchase_orders,78,PO-SYN-037,created_at,2026-07-31T12:00:00Z,2026-07-31T12:00:00.000000Z,SAFE_CANONICAL_FORMAT
purchase_orders,79,PO-SYN-038,created_at,2026-08-14T11:00:00Z,2026-08-14T11:00:00.000000Z,SAFE_CANONICAL_FORMAT
purchase_orders,80,PO-SYN-039,created_at,2026-08-01T11:00:00Z,2026-08-01T11:00:00.000000Z,SAFE_CANONICAL_FORMAT
purchase_orders,81,PO-SYN-040,created_at,2026-08-09T13:00:00Z,2026-08-09T13:00:00.000000Z,SAFE_CANONICAL_FORMAT
purchase_orders,82,PO-SYN-041,created_at,2026-08-07T15:00:00Z,2026-08-07T15:00:00.000000Z,SAFE_CANONICAL_FORMAT
purchase_orders,83,PO-SYN-042,created_at,2026-08-06T12:00:00Z,2026-08-06T12:00:00.000000Z,SAFE_CANONICAL_FORMAT
purchase_orders,84,PO-SYN-043,created_at,2026-08-06T11:00:00Z,2026-08-06T11:00:00.000000Z,SAFE_CANONICAL_FORMAT
purchase_orders,85,PO-SYN-044,created_at,2026-08-10T15:00:00Z,2026-08-10T15:00:00.000000Z,SAFE_CANONICAL_FORMAT
purchase_orders,86,PO-SYN-045,created_at,2026-08-07T13:00:00Z,2026-08-07T13:00:00.000000Z,SAFE_CANONICAL_FORMAT
purchase_orders,87,PO-SYN-046,created_at,2026-08-03T14:00:00Z,2026-08-03T14:00:00.000000Z,SAFE_CANONICAL_FORMAT
purchase_orders,88,PO-SYN-047,created_at,2026-08-11T15:00:00Z,2026-08-11T15:00:00.000000Z,SAFE_CANONICAL_FORMAT
purchase_orders,89,PO-SYN-048,created_at,2026-07-31T11:00:00Z,2026-07-31T11:00:00.000000Z,SAFE_CANONICAL_FORMAT
purchase_orders,90,PO-SYN-049,created_at,2026-07-25T10:00:00Z,2026-07-25T10:00:00.000000Z,SAFE_CANONICAL_FORMAT
purchase_orders,91,PO-SYN-050,created_at,2026-08-02T13:00:00Z,2026-08-02T13:00:00.000000Z,SAFE_CANONICAL_FORMAT
purchase_orders,92,PO-SYN-051,created_at,2026-08-04T13:00:00Z,2026-08-04T13:00:00.000000Z,SAFE_CANONICAL_FORMAT
purchase_orders,93,PO-SYN-052,created_at,2026-08-16T15:00:00Z,2026-08-16T15:00:00.000000Z,SAFE_CANONICAL_FORMAT
purchase_orders,94,PO-SYN-053,created_at,2026-07-25T10:00:00Z,2026-07-25T10:00:00.000000Z,SAFE_CANONICAL_FORMAT
purchase_orders,95,PO-SYN-054,created_at,2026-08-08T14:00:00Z,2026-08-08T14:00:00.000000Z,SAFE_CANONICAL_FORMAT
purchase_orders,96,PO-SYN-055,created_at,2026-08-09T11:00:00Z,2026-08-09T11:00:00.000000Z,SAFE_CANONICAL_FORMAT
purchase_orders,97,PO-SYN-056,created_at,2026-08-13T10:00:00Z,2026-08-13T10:00:00.000000Z,SAFE_CANONICAL_FORMAT
purchase_orders,98,PO-SYN-057,created_at,2026-07-30T13:00:00Z,2026-07-30T13:00:00.000000Z,SAFE_CANONICAL_FORMAT
purchase_orders,99,PO-SYN-058,created_at,2026-08-08T12:00:00Z,2026-08-08T12:00:00.000000Z,SAFE_CANONICAL_FORMAT
purchase_orders,100,PO-SYN-059,created_at,2026-08-13T10:00:00Z,2026-08-13T10:00:00.000000Z,SAFE_CANONICAL_FORMAT
purchase_orders,101,PO-SYN-060,created_at,2026-08-12T14:00:00Z,2026-08-12T14:00:00.000000Z,SAFE_CANONICAL_FORMAT
po_events,1,PE-CASE-ABSENT-OWNER-01,effective_at,2026-07-25T09:00:00Z,2026-07-25T09:00:00.000000Z,SAFE_CANONICAL_FORMAT
po_events,1,PE-CASE-ABSENT-OWNER-01,recorded_at,2026-07-25T09:00:00Z,2026-07-25T09:00:00.000000Z,SAFE_CANONICAL_FORMAT
po_events,2,PE-CASE-AFTER-CUTOFF-01,effective_at,2026-07-25T09:00:00Z,2026-07-25T09:00:00.000000Z,SAFE_CANONICAL_FORMAT
po_events,2,PE-CASE-AFTER-CUTOFF-01,recorded_at,2026-07-25T09:00:00Z,2026-07-25T09:00:00.000000Z,SAFE_CANONICAL_FORMAT
po_events,3,PE-CASE-AFTER-CUTOFF-02,effective_at,2026-07-26T09:00:00Z,2026-07-26T09:00:00.000000Z,SAFE_CANONICAL_FORMAT
po_events,3,PE-CASE-AFTER-CUTOFF-02,recorded_at,2026-07-26T09:00:00Z,2026-07-26T09:00:00.000000Z,SAFE_CANONICAL_FORMAT
po_events,4,PE-CASE-ALTERNATIVE-REFERENCE-01,effective_at,2026-07-25T09:00:00Z,2026-07-25T09:00:00.000000Z,SAFE_CANONICAL_FORMAT
po_events,4,PE-CASE-ALTERNATIVE-REFERENCE-01,recorded_at,2026-07-25T09:00:00Z,2026-07-25T09:00:00.000000Z,SAFE_CANONICAL_FORMAT
po_events,5,PE-CASE-ALTERNATIVE-REFERENCE-02,effective_at,2026-07-26T09:00:00Z,2026-07-26T09:00:00.000000Z,SAFE_CANONICAL_FORMAT
po_events,5,PE-CASE-ALTERNATIVE-REFERENCE-02,recorded_at,2026-07-26T09:00:00Z,2026-07-26T09:00:00.000000Z,SAFE_CANONICAL_FORMAT
po_events,6,PE-CASE-ALTERNATIVE-REQUEST-01,effective_at,2026-07-25T09:00:00Z,2026-07-25T09:00:00.000000Z,SAFE_CANONICAL_FORMAT
po_events,6,PE-CASE-ALTERNATIVE-REQUEST-01,recorded_at,2026-07-25T09:00:00Z,2026-07-25T09:00:00.000000Z,SAFE_CANONICAL_FORMAT
po_events,7,PE-CASE-ALTERNATIVE-REQUEST-02,effective_at,2026-07-26T09:00:00Z,2026-07-26T09:00:00.000000Z,SAFE_CANONICAL_FORMAT
po_events,7,PE-CASE-ALTERNATIVE-REQUEST-02,recorded_at,2026-07-26T09:00:00Z,2026-07-26T09:00:00.000000Z,SAFE_CANONICAL_FORMAT
po_events,8,PE-CASE-AMBIGUOUS-REFERENCE-01,effective_at,2026-07-25T09:00:00Z,2026-07-25T09:00:00.000000Z,SAFE_CANONICAL_FORMAT
po_events,8,PE-CASE-AMBIGUOUS-REFERENCE-01,recorded_at,2026-07-25T09:00:00Z,2026-07-25T09:00:00.000000Z,SAFE_CANONICAL_FORMAT
po_events,9,PE-CASE-AMBIGUOUS-REFERENCE-02,effective_at,2026-07-26T09:00:00Z,2026-07-26T09:00:00.000000Z,SAFE_CANONICAL_FORMAT
po_events,9,PE-CASE-AMBIGUOUS-REFERENCE-02,recorded_at,2026-07-26T09:00:00Z,2026-07-26T09:00:00.000000Z,SAFE_CANONICAL_FORMAT
po_events,10,PE-CASE-AMBIGUOUS-STATE-01,effective_at,2026-07-25T09:00:00Z,2026-07-25T09:00:00.000000Z,SAFE_CANONICAL_FORMAT
po_events,10,PE-CASE-AMBIGUOUS-STATE-01,recorded_at,2026-07-25T09:00:00Z,2026-07-25T09:00:00.000000Z,SAFE_CANONICAL_FORMAT
po_events,11,PE-CASE-AMBIGUOUS-STATE-02,effective_at,2026-08-05T09:00:00Z,2026-08-05T09:00:00.000000Z,SAFE_CANONICAL_FORMAT
po_events,11,PE-CASE-AMBIGUOUS-STATE-02,recorded_at,2026-08-05T09:00:00Z,2026-08-05T09:00:00.000000Z,SAFE_CANONICAL_FORMAT
po_events,12,PE-CASE-AMBIGUOUS-STATE-03,effective_at,2026-08-05T09:00:00Z,2026-08-05T09:00:00.000000Z,SAFE_CANONICAL_FORMAT
po_events,12,PE-CASE-AMBIGUOUS-STATE-03,recorded_at,2026-08-05T09:00:00Z,2026-08-05T09:00:00.000000Z,SAFE_CANONICAL_FORMAT
po_events,13,PE-CASE-BAD-AMOUNT-01,effective_at,2026-07-25T09:00:00Z,2026-07-25T09:00:00.000000Z,SAFE_CANONICAL_FORMAT
po_events,13,PE-CASE-BAD-AMOUNT-01,recorded_at,2026-07-25T09:00:00Z,2026-07-25T09:00:00.000000Z,SAFE_CANONICAL_FORMAT
po_events,14,PE-CASE-BAD-AMOUNT-02,effective_at,2026-07-26T09:00:00Z,2026-07-26T09:00:00.000000Z,SAFE_CANONICAL_FORMAT
po_events,14,PE-CASE-BAD-AMOUNT-02,recorded_at,2026-07-26T09:00:00Z,2026-07-26T09:00:00.000000Z,SAFE_CANONICAL_FORMAT
po_events,15,PE-CASE-BAD-CASE-HISTORY-01,effective_at,2026-07-25T09:00:00Z,2026-07-25T09:00:00.000000Z,SAFE_CANONICAL_FORMAT
po_events,15,PE-CASE-BAD-CASE-HISTORY-01,recorded_at,2026-07-25T09:00:00Z,2026-07-25T09:00:00.000000Z,SAFE_CANONICAL_FORMAT
po_events,16,PE-CASE-BAD-CASE-HISTORY-02,effective_at,2026-07-26T09:00:00Z,2026-07-26T09:00:00.000000Z,SAFE_CANONICAL_FORMAT
po_events,16,PE-CASE-BAD-CASE-HISTORY-02,recorded_at,2026-07-26T09:00:00Z,2026-07-26T09:00:00.000000Z,SAFE_CANONICAL_FORMAT
po_events,17,PE-CASE-BAD-PO-HISTORY-01,effective_at,2026-07-25T09:00:00Z,2026-07-25T09:00:00.000000Z,SAFE_CANONICAL_FORMAT
po_events,17,PE-CASE-BAD-PO-HISTORY-01,recorded_at,2026-07-25T09:00:00Z,2026-07-25T09:00:00.000000Z,SAFE_CANONICAL_FORMAT
po_events,18,PE-CASE-BAD-PO-HISTORY-02,effective_at,2026-07-26T09:00:00Z,2026-07-26T09:00:00.000000Z,SAFE_CANONICAL_FORMAT
po_events,18,PE-CASE-BAD-PO-HISTORY-02,recorded_at,2026-07-26T09:00:00Z,2026-07-26T09:00:00.000000Z,SAFE_CANONICAL_FORMAT
po_events,19,PE-CASE-BAD-PO-HISTORY-03,effective_at,2026-08-08T09:00:00Z,2026-08-08T09:00:00.000000Z,SAFE_CANONICAL_FORMAT
po_events,19,PE-CASE-BAD-PO-HISTORY-03,recorded_at,2026-08-08T09:00:00Z,2026-08-08T09:00:00.000000Z,SAFE_CANONICAL_FORMAT
po_events,20,PE-CASE-BAD-TIMESTAMP-01,effective_at,2026-07-25T09:00:00Z,2026-07-25T09:00:00.000000Z,SAFE_CANONICAL_FORMAT
po_events,20,PE-CASE-BAD-TIMESTAMP-01,recorded_at,2026-07-25T09:00:00Z,2026-07-25T09:00:00.000000Z,SAFE_CANONICAL_FORMAT
po_events,21,PE-CASE-BAD-TIMESTAMP-02,effective_at,2026-07-26T09:00:00Z,2026-07-26T09:00:00.000000Z,SAFE_CANONICAL_FORMAT
po_events,21,PE-CASE-BAD-TIMESTAMP-02,recorded_at,2026-07-26T09:00:00Z,2026-07-26T09:00:00.000000Z,SAFE_CANONICAL_FORMAT
po_events,22,PE-CASE-BEFORE-COHORT-01,effective_at,2026-07-25T09:00:00Z,2026-07-25T09:00:00.000000Z,SAFE_CANONICAL_FORMAT
po_events,22,PE-CASE-BEFORE-COHORT-01,recorded_at,2026-07-25T09:00:00Z,2026-07-25T09:00:00.000000Z,SAFE_CANONICAL_FORMAT
po_events,23,PE-CASE-BEFORE-COHORT-02,effective_at,2026-07-26T09:00:00Z,2026-07-26T09:00:00.000000Z,SAFE_CANONICAL_FORMAT
po_events,23,PE-CASE-BEFORE-COHORT-02,recorded_at,2026-07-26T09:00:00Z,2026-07-26T09:00:00.000000Z,SAFE_CANONICAL_FORMAT
po_events,24,PE-CASE-CAPITAL-01,effective_at,2026-07-25T09:00:00Z,2026-07-25T09:00:00.000000Z,SAFE_CANONICAL_FORMAT
po_events,24,PE-CASE-CAPITAL-01,recorded_at,2026-07-25T09:00:00Z,2026-07-25T09:00:00.000000Z,SAFE_CANONICAL_FORMAT
po_events,25,PE-CASE-CAPITAL-02,effective_at,2026-07-26T09:00:00Z,2026-07-26T09:00:00.000000Z,SAFE_CANONICAL_FORMAT
po_events,25,PE-CASE-CAPITAL-02,recorded_at,2026-07-26T09:00:00Z,2026-07-26T09:00:00.000000Z,SAFE_CANONICAL_FORMAT
po_events,26,PE-CASE-CLEANUP-01,effective_at,2026-07-25T09:00:00Z,2026-07-25T09:00:00.000000Z,SAFE_CANONICAL_FORMAT
po_events,26,PE-CASE-CLEANUP-01,recorded_at,2026-07-25T09:00:00Z,2026-07-25T09:00:00.000000Z,SAFE_CANONICAL_FORMAT
po_events,27,PE-CASE-CLEANUP-02,effective_at,2026-07-26T09:00:00Z,2026-07-26T09:00:00.000000Z,SAFE_CANONICAL_FORMAT
po_events,27,PE-CASE-CLEANUP-02,recorded_at,2026-07-26T09:00:00Z,2026-07-26T09:00:00.000000Z,SAFE_CANONICAL_FORMAT
po_events,28,PE-CASE-CLOSED-01,effective_at,2026-07-25T09:00:00Z,2026-07-25T09:00:00.000000Z,SAFE_CANONICAL_FORMAT
po_events,28,PE-CASE-CLOSED-01,recorded_at,2026-07-25T09:00:00Z,2026-07-25T09:00:00.000000Z,SAFE_CANONICAL_FORMAT
po_events,29,PE-CASE-CLOSED-02,effective_at,2026-07-26T09:00:00Z,2026-07-26T09:00:00.000000Z,SAFE_CANONICAL_FORMAT
po_events,29,PE-CASE-CLOSED-02,recorded_at,2026-07-26T09:00:00Z,2026-07-26T09:00:00.000000Z,SAFE_CANONICAL_FORMAT
po_events,30,PE-CASE-CLOSED-PO-01,effective_at,2026-07-25T09:00:00Z,2026-07-25T09:00:00.000000Z,SAFE_CANONICAL_FORMAT
po_events,30,PE-CASE-CLOSED-PO-01,recorded_at,2026-07-25T09:00:00Z,2026-07-25T09:00:00.000000Z,SAFE_CANONICAL_FORMAT
po_events,31,PE-CASE-CLOSED-PO-02,effective_at,2026-07-26T09:00:00Z,2026-07-26T09:00:00.000000Z,SAFE_CANONICAL_FORMAT
po_events,31,PE-CASE-CLOSED-PO-02,recorded_at,2026-07-26T09:00:00Z,2026-07-26T09:00:00.000000Z,SAFE_CANONICAL_FORMAT
po_events,32,PE-CASE-CLOSED-PO-03,effective_at,2026-08-08T09:00:00Z,2026-08-08T09:00:00.000000Z,SAFE_CANONICAL_FORMAT
po_events,32,PE-CASE-CLOSED-PO-03,recorded_at,2026-08-08T09:00:00Z,2026-08-08T09:00:00.000000Z,SAFE_CANONICAL_FORMAT
po_events,33,PE-CASE-COMMERCIAL-COLLISION-A-01,effective_at,2026-07-25T09:00:00Z,2026-07-25T09:00:00.000000Z,SAFE_CANONICAL_FORMAT
po_events,33,PE-CASE-COMMERCIAL-COLLISION-A-01,recorded_at,2026-07-25T09:00:00Z,2026-07-25T09:00:00.000000Z,SAFE_CANONICAL_FORMAT
po_events,34,PE-CASE-COMMERCIAL-COLLISION-A-02,effective_at,2026-07-26T09:00:00Z,2026-07-26T09:00:00.000000Z,SAFE_CANONICAL_FORMAT
po_events,34,PE-CASE-COMMERCIAL-COLLISION-A-02,recorded_at,2026-07-26T09:00:00Z,2026-07-26T09:00:00.000000Z,SAFE_CANONICAL_FORMAT
po_events,35,PE-CASE-COMMERCIAL-COLLISION-B-01,effective_at,2026-07-25T09:00:00Z,2026-07-25T09:00:00.000000Z,SAFE_CANONICAL_FORMAT
po_events,35,PE-CASE-COMMERCIAL-COLLISION-B-01,recorded_at,2026-07-25T09:00:00Z,2026-07-25T09:00:00.000000Z,SAFE_CANONICAL_FORMAT
po_events,36,PE-CASE-COMMERCIAL-COLLISION-B-02,effective_at,2026-07-26T09:00:00Z,2026-07-26T09:00:00.000000Z,SAFE_CANONICAL_FORMAT
po_events,36,PE-CASE-COMMERCIAL-COLLISION-B-02,recorded_at,2026-07-26T09:00:00Z,2026-07-26T09:00:00.000000Z,SAFE_CANONICAL_FORMAT
po_events,37,PE-CASE-CONFLICT-DUPLICATE-01,effective_at,2026-07-25T09:00:00Z,2026-07-25T09:00:00.000000Z,SAFE_CANONICAL_FORMAT
po_events,37,PE-CASE-CONFLICT-DUPLICATE-01,recorded_at,2026-07-25T09:00:00Z,2026-07-25T09:00:00.000000Z,SAFE_CANONICAL_FORMAT
po_events,38,PE-CASE-CONFLICT-DUPLICATE-02,effective_at,2026-07-26T09:00:00Z,2026-07-26T09:00:00.000000Z,SAFE_CANONICAL_FORMAT
po_events,38,PE-CASE-CONFLICT-DUPLICATE-02,recorded_at,2026-07-26T09:00:00Z,2026-07-26T09:00:00.000000Z,SAFE_CANONICAL_FORMAT
po_events,39,PE-CASE-CREDIT-NOTE-01,effective_at,2026-07-25T09:00:00Z,2026-07-25T09:00:00.000000Z,SAFE_CANONICAL_FORMAT
po_events,39,PE-CASE-CREDIT-NOTE-01,recorded_at,2026-07-25T09:00:00Z,2026-07-25T09:00:00.000000Z,SAFE_CANONICAL_FORMAT
po_events,40,PE-CASE-CREDIT-NOTE-02,effective_at,2026-07-26T09:00:00Z,2026-07-26T09:00:00.000000Z,SAFE_CANONICAL_FORMAT
po_events,40,PE-CASE-CREDIT-NOTE-02,recorded_at,2026-07-26T09:00:00Z,2026-07-26T09:00:00.000000Z,SAFE_CANONICAL_FORMAT
po_events,41,PE-CASE-CURRENCY-MISMATCH-01,effective_at,2026-07-25T09:00:00Z,2026-07-25T09:00:00.000000Z,SAFE_CANONICAL_FORMAT
po_events,41,PE-CASE-CURRENCY-MISMATCH-01,recorded_at,2026-07-25T09:00:00Z,2026-07-25T09:00:00.000000Z,SAFE_CANONICAL_FORMAT
po_events,42,PE-CASE-CURRENCY-MISMATCH-02,effective_at,2026-07-26T09:00:00Z,2026-07-26T09:00:00.000000Z,SAFE_CANONICAL_FORMAT
po_events,42,PE-CASE-CURRENCY-MISMATCH-02,recorded_at,2026-07-26T09:00:00Z,2026-07-26T09:00:00.000000Z,SAFE_CANONICAL_FORMAT
po_events,43,PE-CASE-EMERGENCY-01,effective_at,2026-07-25T09:00:00Z,2026-07-25T09:00:00.000000Z,SAFE_CANONICAL_FORMAT
po_events,43,PE-CASE-EMERGENCY-01,recorded_at,2026-07-25T09:00:00Z,2026-07-25T09:00:00.000000Z,SAFE_CANONICAL_FORMAT
po_events,44,PE-CASE-EMERGENCY-02,effective_at,2026-07-26T09:00:00Z,2026-07-26T09:00:00.000000Z,SAFE_CANONICAL_FORMAT
po_events,44,PE-CASE-EMERGENCY-02,recorded_at,2026-07-26T09:00:00Z,2026-07-26T09:00:00.000000Z,SAFE_CANONICAL_FORMAT
po_events,45,PE-CASE-EQUAL-RECEIPT-01,effective_at,2026-07-25T09:00:00Z,2026-07-25T09:00:00.000000Z,SAFE_CANONICAL_FORMAT
po_events,45,PE-CASE-EQUAL-RECEIPT-01,recorded_at,2026-07-25T09:00:00Z,2026-07-25T09:00:00.000000Z,SAFE_CANONICAL_FORMAT
po_events,46,PE-CASE-EQUAL-RECEIPT-02,effective_at,2026-08-10T10:00:00Z,2026-08-10T10:00:00.000000Z,SAFE_CANONICAL_FORMAT
po_events,46,PE-CASE-EQUAL-RECEIPT-02,recorded_at,2026-08-10T10:00:00Z,2026-08-10T10:00:00.000000Z,SAFE_CANONICAL_FORMAT
po_events,47,PE-CASE-EXACT-DUPLICATE-01,effective_at,2026-07-25T09:00:00Z,2026-07-25T09:00:00.000000Z,SAFE_CANONICAL_FORMAT
po_events,47,PE-CASE-EXACT-DUPLICATE-01,recorded_at,2026-07-25T09:00:00Z,2026-07-25T09:00:00.000000Z,SAFE_CANONICAL_FORMAT
po_events,48,PE-CASE-EXACT-DUPLICATE-02,effective_at,2026-07-26T09:00:00Z,2026-07-26T09:00:00.000000Z,SAFE_CANONICAL_FORMAT
po_events,48,PE-CASE-EXACT-DUPLICATE-02,recorded_at,2026-07-26T09:00:00Z,2026-07-26T09:00:00.000000Z,SAFE_CANONICAL_FORMAT
po_events,49,PE-CASE-FUTURE-REFERENCE-01,effective_at,2026-07-25T09:00:00Z,2026-07-25T09:00:00.000000Z,SAFE_CANONICAL_FORMAT
po_events,49,PE-CASE-FUTURE-REFERENCE-01,recorded_at,2026-07-25T09:00:00Z,2026-07-25T09:00:00.000000Z,SAFE_CANONICAL_FORMAT
po_events,50,PE-CASE-FUTURE-REFERENCE-02,effective_at,2026-07-26T09:00:00Z,2026-07-26T09:00:00.000000Z,SAFE_CANONICAL_FORMAT
po_events,50,PE-CASE-FUTURE-REFERENCE-02,recorded_at,2026-07-26T09:00:00Z,2026-07-26T09:00:00.000000Z,SAFE_CANONICAL_FORMAT
po_events,51,PE-CASE-FUTURE-STATE-01,effective_at,2026-07-25T09:00:00Z,2026-07-25T09:00:00.000000Z,SAFE_CANONICAL_FORMAT
po_events,51,PE-CASE-FUTURE-STATE-01,recorded_at,2026-07-25T09:00:00Z,2026-07-25T09:00:00.000000Z,SAFE_CANONICAL_FORMAT
po_events,52,PE-CASE-FUTURE-STATE-02,effective_at,2026-07-26T09:00:00Z,2026-07-26T09:00:00.000000Z,SAFE_CANONICAL_FORMAT
po_events,52,PE-CASE-FUTURE-STATE-02,recorded_at,2026-07-26T09:00:00Z,2026-07-26T09:00:00.000000Z,SAFE_CANONICAL_FORMAT
po_events,53,PE-CASE-FUTURE-STATE-03,effective_at,2026-08-31T20:00:00Z,2026-08-31T20:00:00.000000Z,SAFE_CANONICAL_FORMAT
po_events,53,PE-CASE-FUTURE-STATE-03,recorded_at,2026-08-31T20:00:00Z,2026-08-31T20:00:00.000000Z,SAFE_CANONICAL_FORMAT
po_events,54,PE-CASE-LATE-CANCELLATION-01,effective_at,2026-07-25T09:00:00Z,2026-07-25T09:00:00.000000Z,SAFE_CANONICAL_FORMAT
po_events,54,PE-CASE-LATE-CANCELLATION-01,recorded_at,2026-07-25T09:00:00Z,2026-07-25T09:00:00.000000Z,SAFE_CANONICAL_FORMAT
po_events,55,PE-CASE-LATE-CANCELLATION-02,effective_at,2026-07-26T09:00:00Z,2026-07-26T09:00:00.000000Z,SAFE_CANONICAL_FORMAT
po_events,55,PE-CASE-LATE-CANCELLATION-02,recorded_at,2026-07-26T09:00:00Z,2026-07-26T09:00:00.000000Z,SAFE_CANONICAL_FORMAT
po_events,56,PE-CASE-LATE-CANCELLATION-03,effective_at,2026-08-08T09:00:00Z,2026-08-08T09:00:00.000000Z,SAFE_CANONICAL_FORMAT
po_events,56,PE-CASE-LATE-CANCELLATION-03,recorded_at,2026-08-12T09:00:00Z,2026-08-12T09:00:00.000000Z,SAFE_CANONICAL_FORMAT
po_events,57,PE-CASE-LATE-CREATED-01,effective_at,2026-08-12T09:00:00Z,2026-08-12T09:00:00.000000Z,SAFE_CANONICAL_FORMAT
po_events,57,PE-CASE-LATE-CREATED-01,recorded_at,2026-08-12T09:00:00Z,2026-08-12T09:00:00.000000Z,SAFE_CANONICAL_FORMAT
po_events,58,PE-CASE-LATE-CREATED-02,effective_at,2026-08-14T09:00:00Z,2026-08-14T09:00:00.000000Z,SAFE_CANONICAL_FORMAT
po_events,58,PE-CASE-LATE-CREATED-02,recorded_at,2026-08-14T09:00:00Z,2026-08-14T09:00:00.000000Z,SAFE_CANONICAL_FORMAT
po_events,59,PE-CASE-LATE-RECORDED-01,effective_at,2026-07-25T09:00:00Z,2026-07-25T09:00:00.000000Z,SAFE_CANONICAL_FORMAT
po_events,59,PE-CASE-LATE-RECORDED-01,recorded_at,2026-07-25T09:00:00Z,2026-07-25T09:00:00.000000Z,SAFE_CANONICAL_FORMAT
po_events,60,PE-CASE-LATE-RECORDED-02,effective_at,2026-08-05T09:00:00Z,2026-08-05T09:00:00.000000Z,SAFE_CANONICAL_FORMAT
po_events,60,PE-CASE-LATE-RECORDED-02,recorded_at,2026-08-12T09:00:00Z,2026-08-12T09:00:00.000000Z,SAFE_CANONICAL_FORMAT
po_events,61,PE-CASE-LATER-APPROVAL-01,effective_at,2026-07-25T09:00:00Z,2026-07-25T09:00:00.000000Z,SAFE_CANONICAL_FORMAT
po_events,61,PE-CASE-LATER-APPROVAL-01,recorded_at,2026-07-25T09:00:00Z,2026-07-25T09:00:00.000000Z,SAFE_CANONICAL_FORMAT
po_events,62,PE-CASE-LATER-APPROVAL-02,effective_at,2026-08-15T09:00:00Z,2026-08-15T09:00:00.000000Z,SAFE_CANONICAL_FORMAT
po_events,62,PE-CASE-LATER-APPROVAL-02,recorded_at,2026-08-15T09:00:00Z,2026-08-15T09:00:00.000000Z,SAFE_CANONICAL_FORMAT
po_events,63,PE-CASE-MISSING-REFERENCE-01,effective_at,2026-07-25T09:00:00Z,2026-07-25T09:00:00.000000Z,SAFE_CANONICAL_FORMAT
po_events,63,PE-CASE-MISSING-REFERENCE-01,recorded_at,2026-07-25T09:00:00Z,2026-07-25T09:00:00.000000Z,SAFE_CANONICAL_FORMAT
po_events,64,PE-CASE-MISSING-REFERENCE-02,effective_at,2026-07-26T09:00:00Z,2026-07-26T09:00:00.000000Z,SAFE_CANONICAL_FORMAT
po_events,64,PE-CASE-MISSING-REFERENCE-02,recorded_at,2026-07-26T09:00:00Z,2026-07-26T09:00:00.000000Z,SAFE_CANONICAL_FORMAT
po_events,65,PE-CASE-NON-GBP-01,effective_at,2026-07-25T09:00:00Z,2026-07-25T09:00:00.000000Z,SAFE_CANONICAL_FORMAT
po_events,65,PE-CASE-NON-GBP-01,recorded_at,2026-07-25T09:00:00Z,2026-07-25T09:00:00.000000Z,SAFE_CANONICAL_FORMAT
po_events,66,PE-CASE-NON-GBP-02,effective_at,2026-07-26T09:00:00Z,2026-07-26T09:00:00.000000Z,SAFE_CANONICAL_FORMAT
po_events,66,PE-CASE-NON-GBP-02,recorded_at,2026-07-26T09:00:00Z,2026-07-26T09:00:00.000000Z,SAFE_CANONICAL_FORMAT
po_events,67,PE-CASE-PO-EXEMPT-01,effective_at,2026-07-25T09:00:00Z,2026-07-25T09:00:00.000000Z,SAFE_CANONICAL_FORMAT
po_events,67,PE-CASE-PO-EXEMPT-01,recorded_at,2026-07-25T09:00:00Z,2026-07-25T09:00:00.000000Z,SAFE_CANONICAL_FORMAT
po_events,68,PE-CASE-PO-EXEMPT-02,effective_at,2026-07-26T09:00:00Z,2026-07-26T09:00:00.000000Z,SAFE_CANONICAL_FORMAT
po_events,68,PE-CASE-PO-EXEMPT-02,recorded_at,2026-07-26T09:00:00Z,2026-07-26T09:00:00.000000Z,SAFE_CANONICAL_FORMAT
po_events,69,PE-CASE-REFERENCE-REPAIR-01,effective_at,2026-07-25T09:00:00Z,2026-07-25T09:00:00.000000Z,SAFE_CANONICAL_FORMAT
po_events,69,PE-CASE-REFERENCE-REPAIR-01,recorded_at,2026-07-25T09:00:00Z,2026-07-25T09:00:00.000000Z,SAFE_CANONICAL_FORMAT
po_events,70,PE-CASE-REFERENCE-REPAIR-02,effective_at,2026-07-26T09:00:00Z,2026-07-26T09:00:00.000000Z,SAFE_CANONICAL_FORMAT
po_events,70,PE-CASE-REFERENCE-REPAIR-02,recorded_at,2026-07-26T09:00:00Z,2026-07-26T09:00:00.000000Z,SAFE_CANONICAL_FORMAT
po_events,71,PE-CASE-REOPENED-01,effective_at,2026-07-25T09:00:00Z,2026-07-25T09:00:00.000000Z,SAFE_CANONICAL_FORMAT
po_events,71,PE-CASE-REOPENED-01,recorded_at,2026-07-25T09:00:00Z,2026-07-25T09:00:00.000000Z,SAFE_CANONICAL_FORMAT
po_events,72,PE-CASE-REOPENED-02,effective_at,2026-07-26T09:00:00Z,2026-07-26T09:00:00.000000Z,SAFE_CANONICAL_FORMAT
po_events,72,PE-CASE-REOPENED-02,recorded_at,2026-07-26T09:00:00Z,2026-07-26T09:00:00.000000Z,SAFE_CANONICAL_FORMAT
po_events,73,PE-CASE-SHARED-PO-01,effective_at,2026-07-25T09:00:00Z,2026-07-25T09:00:00.000000Z,SAFE_CANONICAL_FORMAT
po_events,73,PE-CASE-SHARED-PO-01,recorded_at,2026-07-25T09:00:00Z,2026-07-25T09:00:00.000000Z,SAFE_CANONICAL_FORMAT
po_events,74,PE-CASE-SHARED-PO-02,effective_at,2026-07-26T09:00:00Z,2026-07-26T09:00:00.000000Z,SAFE_CANONICAL_FORMAT
po_events,74,PE-CASE-SHARED-PO-02,recorded_at,2026-07-26T09:00:00Z,2026-07-26T09:00:00.000000Z,SAFE_CANONICAL_FORMAT
po_events,75,PE-CASE-SHARED-PO-03,effective_at,2026-08-04T09:00:00Z,2026-08-04T09:00:00.000000Z,SAFE_CANONICAL_FORMAT
po_events,75,PE-CASE-SHARED-PO-03,recorded_at,2026-08-04T09:00:00Z,2026-08-04T09:00:00.000000Z,SAFE_CANONICAL_FORMAT
po_events,76,PE-CASE-UNKNOWN-REFERENCE-01,effective_at,2026-07-25T09:00:00Z,2026-07-25T09:00:00.000000Z,SAFE_CANONICAL_FORMAT
po_events,76,PE-CASE-UNKNOWN-REFERENCE-01,recorded_at,2026-07-25T09:00:00Z,2026-07-25T09:00:00.000000Z,SAFE_CANONICAL_FORMAT
po_events,77,PE-CASE-UNKNOWN-REFERENCE-02,effective_at,2026-07-26T09:00:00Z,2026-07-26T09:00:00.000000Z,SAFE_CANONICAL_FORMAT
po_events,77,PE-CASE-UNKNOWN-REFERENCE-02,recorded_at,2026-07-26T09:00:00Z,2026-07-26T09:00:00.000000Z,SAFE_CANONICAL_FORMAT
po_events,78,PE-CASE-UNKNOWN-REQUEST-01,effective_at,2026-07-25T09:00:00Z,2026-07-25T09:00:00.000000Z,SAFE_CANONICAL_FORMAT
po_events,78,PE-CASE-UNKNOWN-REQUEST-01,recorded_at,2026-07-25T09:00:00Z,2026-07-25T09:00:00.000000Z,SAFE_CANONICAL_FORMAT
po_events,79,PE-CASE-UNKNOWN-REQUEST-02,effective_at,2026-07-26T09:00:00Z,2026-07-26T09:00:00.000000Z,SAFE_CANONICAL_FORMAT
po_events,79,PE-CASE-UNKNOWN-REQUEST-02,recorded_at,2026-07-26T09:00:00Z,2026-07-26T09:00:00.000000Z,SAFE_CANONICAL_FORMAT
po_events,80,PE-CASE-UNKNOWN-SUPPLIER-01,effective_at,2026-07-25T09:00:00Z,2026-07-25T09:00:00.000000Z,SAFE_CANONICAL_FORMAT
po_events,80,PE-CASE-UNKNOWN-SUPPLIER-01,recorded_at,2026-07-25T09:00:00Z,2026-07-25T09:00:00.000000Z,SAFE_CANONICAL_FORMAT
po_events,81,PE-CASE-UNKNOWN-SUPPLIER-02,effective_at,2026-07-26T09:00:00Z,2026-07-26T09:00:00.000000Z,SAFE_CANONICAL_FORMAT
po_events,81,PE-CASE-UNKNOWN-SUPPLIER-02,recorded_at,2026-07-26T09:00:00Z,2026-07-26T09:00:00.000000Z,SAFE_CANONICAL_FORMAT
po_events,82,PE-CASE-WRONG-REQUEST-01,effective_at,2026-07-25T09:00:00Z,2026-07-25T09:00:00.000000Z,SAFE_CANONICAL_FORMAT
po_events,82,PE-CASE-WRONG-REQUEST-01,recorded_at,2026-07-25T09:00:00Z,2026-07-25T09:00:00.000000Z,SAFE_CANONICAL_FORMAT
po_events,83,PE-CASE-WRONG-REQUEST-02,effective_at,2026-07-26T09:00:00Z,2026-07-26T09:00:00.000000Z,SAFE_CANONICAL_FORMAT
po_events,83,PE-CASE-WRONG-REQUEST-02,recorded_at,2026-07-26T09:00:00Z,2026-07-26T09:00:00.000000Z,SAFE_CANONICAL_FORMAT
po_events,84,PE-CASE-WRONG-SUPPLIER-01,effective_at,2026-07-25T09:00:00Z,2026-07-25T09:00:00.000000Z,SAFE_CANONICAL_FORMAT
po_events,84,PE-CASE-WRONG-SUPPLIER-01,recorded_at,2026-07-25T09:00:00Z,2026-07-25T09:00:00.000000Z,SAFE_CANONICAL_FORMAT
po_events,85,PE-CASE-WRONG-SUPPLIER-02,effective_at,2026-07-26T09:00:00Z,2026-07-26T09:00:00.000000Z,SAFE_CANONICAL_FORMAT
po_events,85,PE-CASE-WRONG-SUPPLIER-02,recorded_at,2026-07-26T09:00:00Z,2026-07-26T09:00:00.000000Z,SAFE_CANONICAL_FORMAT
po_events,86,PE-SYN-001-01,effective_at,2026-08-10T10:00:00Z,2026-08-10T10:00:00.000000Z,SAFE_CANONICAL_FORMAT
po_events,86,PE-SYN-001-01,recorded_at,2026-08-10T10:00:00Z,2026-08-10T10:00:00.000000Z,SAFE_CANONICAL_FORMAT
po_events,87,PE-SYN-001-02,effective_at,2026-08-11T10:00:00Z,2026-08-11T10:00:00.000000Z,SAFE_CANONICAL_FORMAT
po_events,87,PE-SYN-001-02,recorded_at,2026-08-11T10:00:00Z,2026-08-11T10:00:00.000000Z,SAFE_CANONICAL_FORMAT
po_events,88,PE-SYN-002-01,effective_at,2026-08-07T15:00:00Z,2026-08-07T15:00:00.000000Z,SAFE_CANONICAL_FORMAT
po_events,88,PE-SYN-002-01,recorded_at,2026-08-07T15:00:00Z,2026-08-07T15:00:00.000000Z,SAFE_CANONICAL_FORMAT
po_events,89,PE-SYN-002-02,effective_at,2026-08-08T15:00:00Z,2026-08-08T15:00:00.000000Z,SAFE_CANONICAL_FORMAT
po_events,89,PE-SYN-002-02,recorded_at,2026-08-08T15:00:00Z,2026-08-08T15:00:00.000000Z,SAFE_CANONICAL_FORMAT
po_events,90,PE-SYN-003-01,effective_at,2026-07-28T11:00:00Z,2026-07-28T11:00:00.000000Z,SAFE_CANONICAL_FORMAT
po_events,90,PE-SYN-003-01,recorded_at,2026-07-28T11:00:00Z,2026-07-28T11:00:00.000000Z,SAFE_CANONICAL_FORMAT
po_events,91,PE-SYN-003-02,effective_at,2026-07-29T11:00:00Z,2026-07-29T11:00:00.000000Z,SAFE_CANONICAL_FORMAT
po_events,91,PE-SYN-003-02,recorded_at,2026-07-29T11:00:00Z,2026-07-29T11:00:00.000000Z,SAFE_CANONICAL_FORMAT
po_events,92,PE-SYN-004-01,effective_at,2026-07-30T11:00:00Z,2026-07-30T11:00:00.000000Z,SAFE_CANONICAL_FORMAT
po_events,92,PE-SYN-004-01,recorded_at,2026-07-30T11:00:00Z,2026-07-30T11:00:00.000000Z,SAFE_CANONICAL_FORMAT
po_events,93,PE-SYN-004-02,effective_at,2026-07-31T11:00:00Z,2026-07-31T11:00:00.000000Z,SAFE_CANONICAL_FORMAT
po_events,93,PE-SYN-004-02,recorded_at,2026-07-31T11:00:00Z,2026-07-31T11:00:00.000000Z,SAFE_CANONICAL_FORMAT
po_events,94,PE-SYN-005-01,effective_at,2026-08-11T14:00:00Z,2026-08-11T14:00:00.000000Z,SAFE_CANONICAL_FORMAT
po_events,94,PE-SYN-005-01,recorded_at,2026-08-11T14:00:00Z,2026-08-11T14:00:00.000000Z,SAFE_CANONICAL_FORMAT
po_events,95,PE-SYN-005-02,effective_at,2026-08-12T14:00:00Z,2026-08-12T14:00:00.000000Z,SAFE_CANONICAL_FORMAT
po_events,95,PE-SYN-005-02,recorded_at,2026-08-12T14:00:00Z,2026-08-12T14:00:00.000000Z,SAFE_CANONICAL_FORMAT
po_events,96,PE-SYN-006-01,effective_at,2026-08-02T15:00:00Z,2026-08-02T15:00:00.000000Z,SAFE_CANONICAL_FORMAT
po_events,96,PE-SYN-006-01,recorded_at,2026-08-02T15:00:00Z,2026-08-02T15:00:00.000000Z,SAFE_CANONICAL_FORMAT
po_events,97,PE-SYN-007-01,effective_at,2026-08-01T10:00:00Z,2026-08-01T10:00:00.000000Z,SAFE_CANONICAL_FORMAT
po_events,97,PE-SYN-007-01,recorded_at,2026-08-01T10:00:00Z,2026-08-01T10:00:00.000000Z,SAFE_CANONICAL_FORMAT
po_events,98,PE-SYN-007-02,effective_at,2026-08-13T10:00:00Z,2026-08-13T10:00:00.000000Z,SAFE_CANONICAL_FORMAT
po_events,98,PE-SYN-007-02,recorded_at,2026-08-13T10:00:00Z,2026-08-13T10:00:00.000000Z,SAFE_CANONICAL_FORMAT
po_events,99,PE-SYN-008-01,effective_at,2026-08-03T10:00:00Z,2026-08-03T10:00:00.000000Z,SAFE_CANONICAL_FORMAT
po_events,99,PE-SYN-008-01,recorded_at,2026-08-03T10:00:00Z,2026-08-03T10:00:00.000000Z,SAFE_CANONICAL_FORMAT
po_events,100,PE-SYN-008-02,effective_at,2026-08-04T10:00:00Z,2026-08-04T10:00:00.000000Z,SAFE_CANONICAL_FORMAT
po_events,100,PE-SYN-008-02,recorded_at,2026-08-04T10:00:00Z,2026-08-04T10:00:00.000000Z,SAFE_CANONICAL_FORMAT
po_events,101,PE-SYN-009-01,effective_at,2026-08-02T14:00:00Z,2026-08-02T14:00:00.000000Z,SAFE_CANONICAL_FORMAT
po_events,101,PE-SYN-009-01,recorded_at,2026-08-02T14:00:00Z,2026-08-02T14:00:00.000000Z,SAFE_CANONICAL_FORMAT
po_events,102,PE-SYN-009-02,effective_at,2026-08-03T14:00:00Z,2026-08-03T14:00:00.000000Z,SAFE_CANONICAL_FORMAT
po_events,102,PE-SYN-009-02,recorded_at,2026-08-03T14:00:00Z,2026-08-03T14:00:00.000000Z,SAFE_CANONICAL_FORMAT
po_events,103,PE-SYN-009-03,effective_at,2026-08-06T14:00:00Z,2026-08-06T14:00:00.000000Z,SAFE_CANONICAL_FORMAT
po_events,103,PE-SYN-009-03,recorded_at,2026-08-06T14:00:00Z,2026-08-06T14:00:00.000000Z,SAFE_CANONICAL_FORMAT
po_events,104,PE-SYN-010-01,effective_at,2026-08-03T15:00:00Z,2026-08-03T15:00:00.000000Z,SAFE_CANONICAL_FORMAT
po_events,104,PE-SYN-010-01,recorded_at,2026-08-03T15:00:00Z,2026-08-03T15:00:00.000000Z,SAFE_CANONICAL_FORMAT
po_events,105,PE-SYN-010-02,effective_at,2026-08-04T15:00:00Z,2026-08-04T15:00:00.000000Z,SAFE_CANONICAL_FORMAT
po_events,105,PE-SYN-010-02,recorded_at,2026-08-04T15:00:00Z,2026-08-04T15:00:00.000000Z,SAFE_CANONICAL_FORMAT
po_events,106,PE-SYN-011-01,effective_at,2026-07-31T15:00:00Z,2026-07-31T15:00:00.000000Z,SAFE_CANONICAL_FORMAT
po_events,106,PE-SYN-011-01,recorded_at,2026-07-31T15:00:00Z,2026-07-31T15:00:00.000000Z,SAFE_CANONICAL_FORMAT
po_events,107,PE-SYN-011-02,effective_at,2026-08-01T15:00:00Z,2026-08-01T15:00:00.000000Z,SAFE_CANONICAL_FORMAT
po_events,107,PE-SYN-011-02,recorded_at,2026-08-01T15:00:00Z,2026-08-01T15:00:00.000000Z,SAFE_CANONICAL_FORMAT
po_events,108,PE-SYN-012-01,effective_at,2026-08-09T15:00:00Z,2026-08-09T15:00:00.000000Z,SAFE_CANONICAL_FORMAT
po_events,108,PE-SYN-012-01,recorded_at,2026-08-09T15:00:00Z,2026-08-09T15:00:00.000000Z,SAFE_CANONICAL_FORMAT
po_events,109,PE-SYN-012-02,effective_at,2026-08-10T15:00:00Z,2026-08-10T15:00:00.000000Z,SAFE_CANONICAL_FORMAT
po_events,109,PE-SYN-012-02,recorded_at,2026-08-10T15:00:00Z,2026-08-10T15:00:00.000000Z,SAFE_CANONICAL_FORMAT
po_events,110,PE-SYN-013-01,effective_at,2026-08-05T12:00:00Z,2026-08-05T12:00:00.000000Z,SAFE_CANONICAL_FORMAT
po_events,110,PE-SYN-013-01,recorded_at,2026-08-05T12:00:00Z,2026-08-05T12:00:00.000000Z,SAFE_CANONICAL_FORMAT
po_events,111,PE-SYN-013-02,effective_at,2026-08-06T12:00:00Z,2026-08-06T12:00:00.000000Z,SAFE_CANONICAL_FORMAT
po_events,111,PE-SYN-013-02,recorded_at,2026-08-06T12:00:00Z,2026-08-06T12:00:00.000000Z,SAFE_CANONICAL_FORMAT
po_events,112,PE-SYN-014-01,effective_at,2026-07-25T10:00:00Z,2026-07-25T10:00:00.000000Z,SAFE_CANONICAL_FORMAT
po_events,112,PE-SYN-014-01,recorded_at,2026-07-25T10:00:00Z,2026-07-25T10:00:00.000000Z,SAFE_CANONICAL_FORMAT
po_events,113,PE-SYN-014-02,effective_at,2026-07-26T10:00:00Z,2026-07-26T10:00:00.000000Z,SAFE_CANONICAL_FORMAT
po_events,113,PE-SYN-014-02,recorded_at,2026-07-26T10:00:00Z,2026-07-26T10:00:00.000000Z,SAFE_CANONICAL_FORMAT
po_events,114,PE-SYN-015-01,effective_at,2026-07-31T11:00:00Z,2026-07-31T11:00:00.000000Z,SAFE_CANONICAL_FORMAT
po_events,114,PE-SYN-015-01,recorded_at,2026-07-31T11:00:00Z,2026-07-31T11:00:00.000000Z,SAFE_CANONICAL_FORMAT
po_events,115,PE-SYN-015-02,effective_at,2026-08-01T11:00:00Z,2026-08-01T11:00:00.000000Z,SAFE_CANONICAL_FORMAT
po_events,115,PE-SYN-015-02,recorded_at,2026-08-01T11:00:00Z,2026-08-01T11:00:00.000000Z,SAFE_CANONICAL_FORMAT
po_events,116,PE-SYN-016-01,effective_at,2026-07-31T14:00:00Z,2026-07-31T14:00:00.000000Z,SAFE_CANONICAL_FORMAT
po_events,116,PE-SYN-016-01,recorded_at,2026-07-31T14:00:00Z,2026-07-31T14:00:00.000000Z,SAFE_CANONICAL_FORMAT
po_events,117,PE-SYN-017-01,effective_at,2026-07-29T13:00:00Z,2026-07-29T13:00:00.000000Z,SAFE_CANONICAL_FORMAT
po_events,117,PE-SYN-017-01,recorded_at,2026-07-29T13:00:00Z,2026-07-29T13:00:00.000000Z,SAFE_CANONICAL_FORMAT
po_events,118,PE-SYN-017-02,effective_at,2026-08-11T13:00:00Z,2026-08-11T13:00:00.000000Z,SAFE_CANONICAL_FORMAT
po_events,118,PE-SYN-017-02,recorded_at,2026-08-11T13:00:00Z,2026-08-11T13:00:00.000000Z,SAFE_CANONICAL_FORMAT
po_events,119,PE-SYN-018-01,effective_at,2026-08-02T12:00:00Z,2026-08-02T12:00:00.000000Z,SAFE_CANONICAL_FORMAT
po_events,119,PE-SYN-018-01,recorded_at,2026-08-02T12:00:00Z,2026-08-02T12:00:00.000000Z,SAFE_CANONICAL_FORMAT
po_events,120,PE-SYN-018-02,effective_at,2026-08-03T12:00:00Z,2026-08-03T12:00:00.000000Z,SAFE_CANONICAL_FORMAT
po_events,120,PE-SYN-018-02,recorded_at,2026-08-03T12:00:00Z,2026-08-03T12:00:00.000000Z,SAFE_CANONICAL_FORMAT
po_events,121,PE-SYN-019-01,effective_at,2026-08-15T15:00:00Z,2026-08-15T15:00:00.000000Z,SAFE_CANONICAL_FORMAT
po_events,121,PE-SYN-019-01,recorded_at,2026-08-15T15:00:00Z,2026-08-15T15:00:00.000000Z,SAFE_CANONICAL_FORMAT
po_events,122,PE-SYN-019-02,effective_at,2026-08-16T15:00:00Z,2026-08-16T15:00:00.000000Z,SAFE_CANONICAL_FORMAT
po_events,122,PE-SYN-019-02,recorded_at,2026-08-16T15:00:00Z,2026-08-16T15:00:00.000000Z,SAFE_CANONICAL_FORMAT
po_events,123,PE-SYN-019-03,effective_at,2026-08-23T15:00:00Z,2026-08-23T15:00:00.000000Z,SAFE_CANONICAL_FORMAT
po_events,123,PE-SYN-019-03,recorded_at,2026-08-23T15:00:00Z,2026-08-23T15:00:00.000000Z,SAFE_CANONICAL_FORMAT
po_events,124,PE-SYN-020-01,effective_at,2026-08-02T14:00:00Z,2026-08-02T14:00:00.000000Z,SAFE_CANONICAL_FORMAT
po_events,124,PE-SYN-020-01,recorded_at,2026-08-02T14:00:00Z,2026-08-02T14:00:00.000000Z,SAFE_CANONICAL_FORMAT
po_events,125,PE-SYN-020-02,effective_at,2026-08-03T14:00:00Z,2026-08-03T14:00:00.000000Z,SAFE_CANONICAL_FORMAT
po_events,125,PE-SYN-020-02,recorded_at,2026-08-03T14:00:00Z,2026-08-03T14:00:00.000000Z,SAFE_CANONICAL_FORMAT
po_events,126,PE-SYN-021-01,effective_at,2026-07-30T10:00:00Z,2026-07-30T10:00:00.000000Z,SAFE_CANONICAL_FORMAT
po_events,126,PE-SYN-021-01,recorded_at,2026-07-30T10:00:00Z,2026-07-30T10:00:00.000000Z,SAFE_CANONICAL_FORMAT
po_events,127,PE-SYN-021-02,effective_at,2026-07-31T10:00:00Z,2026-07-31T10:00:00.000000Z,SAFE_CANONICAL_FORMAT
po_events,127,PE-SYN-021-02,recorded_at,2026-07-31T10:00:00Z,2026-07-31T10:00:00.000000Z,SAFE_CANONICAL_FORMAT
po_events,128,PE-SYN-022-01,effective_at,2026-08-11T11:00:00Z,2026-08-11T11:00:00.000000Z,SAFE_CANONICAL_FORMAT
po_events,128,PE-SYN-022-01,recorded_at,2026-08-11T11:00:00Z,2026-08-11T11:00:00.000000Z,SAFE_CANONICAL_FORMAT
po_events,129,PE-SYN-022-02,effective_at,2026-08-12T11:00:00Z,2026-08-12T11:00:00.000000Z,SAFE_CANONICAL_FORMAT
po_events,129,PE-SYN-022-02,recorded_at,2026-08-12T11:00:00Z,2026-08-12T11:00:00.000000Z,SAFE_CANONICAL_FORMAT
po_events,130,PE-SYN-023-01,effective_at,2026-08-17T14:00:00Z,2026-08-17T14:00:00.000000Z,SAFE_CANONICAL_FORMAT
po_events,130,PE-SYN-023-01,recorded_at,2026-08-17T14:00:00Z,2026-08-17T14:00:00.000000Z,SAFE_CANONICAL_FORMAT
po_events,131,PE-SYN-023-02,effective_at,2026-08-18T14:00:00Z,2026-08-18T14:00:00.000000Z,SAFE_CANONICAL_FORMAT
po_events,131,PE-SYN-023-02,recorded_at,2026-08-18T14:00:00Z,2026-08-18T14:00:00.000000Z,SAFE_CANONICAL_FORMAT
po_events,132,PE-SYN-024-01,effective_at,2026-07-23T10:00:00Z,2026-07-23T10:00:00.000000Z,SAFE_CANONICAL_FORMAT
po_events,132,PE-SYN-024-01,recorded_at,2026-07-23T10:00:00Z,2026-07-23T10:00:00.000000Z,SAFE_CANONICAL_FORMAT
po_events,133,PE-SYN-024-02,effective_at,2026-07-24T10:00:00Z,2026-07-24T10:00:00.000000Z,SAFE_CANONICAL_FORMAT
po_events,133,PE-SYN-024-02,recorded_at,2026-07-24T10:00:00Z,2026-07-24T10:00:00.000000Z,SAFE_CANONICAL_FORMAT
po_events,134,PE-SYN-025-01,effective_at,2026-08-06T12:00:00Z,2026-08-06T12:00:00.000000Z,SAFE_CANONICAL_FORMAT
po_events,134,PE-SYN-025-01,recorded_at,2026-08-06T12:00:00Z,2026-08-06T12:00:00.000000Z,SAFE_CANONICAL_FORMAT
po_events,135,PE-SYN-025-02,effective_at,2026-08-07T12:00:00Z,2026-08-07T12:00:00.000000Z,SAFE_CANONICAL_FORMAT
po_events,135,PE-SYN-025-02,recorded_at,2026-08-07T12:00:00Z,2026-08-07T12:00:00.000000Z,SAFE_CANONICAL_FORMAT
po_events,136,PE-SYN-026-01,effective_at,2026-08-15T12:00:00Z,2026-08-15T12:00:00.000000Z,SAFE_CANONICAL_FORMAT
po_events,136,PE-SYN-026-01,recorded_at,2026-08-15T12:00:00Z,2026-08-15T12:00:00.000000Z,SAFE_CANONICAL_FORMAT
po_events,137,PE-SYN-027-01,effective_at,2026-08-02T10:00:00Z,2026-08-02T10:00:00.000000Z,SAFE_CANONICAL_FORMAT
po_events,137,PE-SYN-027-01,recorded_at,2026-08-02T10:00:00Z,2026-08-02T10:00:00.000000Z,SAFE_CANONICAL_FORMAT
po_events,138,PE-SYN-027-02,effective_at,2026-08-11T10:00:00Z,2026-08-11T10:00:00.000000Z,SAFE_CANONICAL_FORMAT
po_events,138,PE-SYN-027-02,recorded_at,2026-08-11T10:00:00Z,2026-08-11T10:00:00.000000Z,SAFE_CANONICAL_FORMAT
po_events,139,PE-SYN-028-01,effective_at,2026-07-29T14:00:00Z,2026-07-29T14:00:00.000000Z,SAFE_CANONICAL_FORMAT
po_events,139,PE-SYN-028-01,recorded_at,2026-07-29T14:00:00Z,2026-07-29T14:00:00.000000Z,SAFE_CANONICAL_FORMAT
po_events,140,PE-SYN-028-02,effective_at,2026-07-30T14:00:00Z,2026-07-30T14:00:00.000000Z,SAFE_CANONICAL_FORMAT
po_events,140,PE-SYN-028-02,recorded_at,2026-07-30T14:00:00Z,2026-07-30T14:00:00.000000Z,SAFE_CANONICAL_FORMAT
po_events,141,PE-SYN-029-01,effective_at,2026-07-27T11:00:00Z,2026-07-27T11:00:00.000000Z,SAFE_CANONICAL_FORMAT
po_events,141,PE-SYN-029-01,recorded_at,2026-07-27T11:00:00Z,2026-07-27T11:00:00.000000Z,SAFE_CANONICAL_FORMAT
po_events,142,PE-SYN-029-02,effective_at,2026-07-28T11:00:00Z,2026-07-28T11:00:00.000000Z,SAFE_CANONICAL_FORMAT
po_events,142,PE-SYN-029-02,recorded_at,2026-07-28T11:00:00Z,2026-07-28T11:00:00.000000Z,SAFE_CANONICAL_FORMAT
po_events,143,PE-SYN-029-03,effective_at,2026-08-06T11:00:00Z,2026-08-06T11:00:00.000000Z,SAFE_CANONICAL_FORMAT
po_events,143,PE-SYN-029-03,recorded_at,2026-08-06T11:00:00Z,2026-08-06T11:00:00.000000Z,SAFE_CANONICAL_FORMAT
po_events,144,PE-SYN-030-01,effective_at,2026-07-26T15:00:00Z,2026-07-26T15:00:00.000000Z,SAFE_CANONICAL_FORMAT
po_events,144,PE-SYN-030-01,recorded_at,2026-07-26T15:00:00Z,2026-07-26T15:00:00.000000Z,SAFE_CANONICAL_FORMAT
po_events,145,PE-SYN-030-02,effective_at,2026-07-27T15:00:00Z,2026-07-27T15:00:00.000000Z,SAFE_CANONICAL_FORMAT
po_events,145,PE-SYN-030-02,recorded_at,2026-07-27T15:00:00Z,2026-07-27T15:00:00.000000Z,SAFE_CANONICAL_FORMAT
po_events,146,PE-SYN-031-01,effective_at,2026-07-25T15:00:00Z,2026-07-25T15:00:00.000000Z,SAFE_CANONICAL_FORMAT
po_events,146,PE-SYN-031-01,recorded_at,2026-07-25T15:00:00Z,2026-07-25T15:00:00.000000Z,SAFE_CANONICAL_FORMAT
po_events,147,PE-SYN-031-02,effective_at,2026-07-26T15:00:00Z,2026-07-26T15:00:00.000000Z,SAFE_CANONICAL_FORMAT
po_events,147,PE-SYN-031-02,recorded_at,2026-07-26T15:00:00Z,2026-07-26T15:00:00.000000Z,SAFE_CANONICAL_FORMAT
po_events,148,PE-SYN-032-01,effective_at,2026-08-02T14:00:00Z,2026-08-02T14:00:00.000000Z,SAFE_CANONICAL_FORMAT
po_events,148,PE-SYN-032-01,recorded_at,2026-08-02T14:00:00Z,2026-08-02T14:00:00.000000Z,SAFE_CANONICAL_FORMAT
po_events,149,PE-SYN-032-02,effective_at,2026-08-03T14:00:00Z,2026-08-03T14:00:00.000000Z,SAFE_CANONICAL_FORMAT
po_events,149,PE-SYN-032-02,recorded_at,2026-08-03T14:00:00Z,2026-08-03T14:00:00.000000Z,SAFE_CANONICAL_FORMAT
po_events,150,PE-SYN-033-01,effective_at,2026-07-28T11:00:00Z,2026-07-28T11:00:00.000000Z,SAFE_CANONICAL_FORMAT
po_events,150,PE-SYN-033-01,recorded_at,2026-07-28T11:00:00Z,2026-07-28T11:00:00.000000Z,SAFE_CANONICAL_FORMAT
po_events,151,PE-SYN-033-02,effective_at,2026-07-29T11:00:00Z,2026-07-29T11:00:00.000000Z,SAFE_CANONICAL_FORMAT
po_events,151,PE-SYN-033-02,recorded_at,2026-07-29T11:00:00Z,2026-07-29T11:00:00.000000Z,SAFE_CANONICAL_FORMAT
po_events,152,PE-SYN-034-01,effective_at,2026-08-07T15:00:00Z,2026-08-07T15:00:00.000000Z,SAFE_CANONICAL_FORMAT
po_events,152,PE-SYN-034-01,recorded_at,2026-08-07T15:00:00Z,2026-08-07T15:00:00.000000Z,SAFE_CANONICAL_FORMAT
po_events,153,PE-SYN-034-02,effective_at,2026-08-08T15:00:00Z,2026-08-08T15:00:00.000000Z,SAFE_CANONICAL_FORMAT
po_events,153,PE-SYN-034-02,recorded_at,2026-08-08T15:00:00Z,2026-08-08T15:00:00.000000Z,SAFE_CANONICAL_FORMAT
po_events,154,PE-SYN-035-01,effective_at,2026-08-05T12:00:00Z,2026-08-05T12:00:00.000000Z,SAFE_CANONICAL_FORMAT
po_events,154,PE-SYN-035-01,recorded_at,2026-08-05T12:00:00Z,2026-08-05T12:00:00.000000Z,SAFE_CANONICAL_FORMAT
po_events,155,PE-SYN-035-02,effective_at,2026-08-06T12:00:00Z,2026-08-06T12:00:00.000000Z,SAFE_CANONICAL_FORMAT
po_events,155,PE-SYN-035-02,recorded_at,2026-08-06T12:00:00Z,2026-08-06T12:00:00.000000Z,SAFE_CANONICAL_FORMAT
po_events,156,PE-SYN-036-01,effective_at,2026-08-05T12:00:00Z,2026-08-05T12:00:00.000000Z,SAFE_CANONICAL_FORMAT
po_events,156,PE-SYN-036-01,recorded_at,2026-08-05T12:00:00Z,2026-08-05T12:00:00.000000Z,SAFE_CANONICAL_FORMAT
po_events,157,PE-SYN-037-01,effective_at,2026-07-31T12:00:00Z,2026-07-31T12:00:00.000000Z,SAFE_CANONICAL_FORMAT
po_events,157,PE-SYN-037-01,recorded_at,2026-07-31T12:00:00Z,2026-07-31T12:00:00.000000Z,SAFE_CANONICAL_FORMAT
po_events,158,PE-SYN-037-02,effective_at,2026-08-14T12:00:00Z,2026-08-14T12:00:00.000000Z,SAFE_CANONICAL_FORMAT
po_events,158,PE-SYN-037-02,recorded_at,2026-08-14T12:00:00Z,2026-08-14T12:00:00.000000Z,SAFE_CANONICAL_FORMAT
po_events,159,PE-SYN-038-01,effective_at,2026-08-14T11:00:00Z,2026-08-14T11:00:00.000000Z,SAFE_CANONICAL_FORMAT
po_events,159,PE-SYN-038-01,recorded_at,2026-08-14T11:00:00Z,2026-08-14T11:00:00.000000Z,SAFE_CANONICAL_FORMAT
po_events,160,PE-SYN-038-02,effective_at,2026-08-15T11:00:00Z,2026-08-15T11:00:00.000000Z,SAFE_CANONICAL_FORMAT
po_events,160,PE-SYN-038-02,recorded_at,2026-08-15T11:00:00Z,2026-08-15T11:00:00.000000Z,SAFE_CANONICAL_FORMAT
po_events,161,PE-SYN-039-01,effective_at,2026-08-01T11:00:00Z,2026-08-01T11:00:00.000000Z,SAFE_CANONICAL_FORMAT
po_events,161,PE-SYN-039-01,recorded_at,2026-08-01T11:00:00Z,2026-08-01T11:00:00.000000Z,SAFE_CANONICAL_FORMAT
po_events,162,PE-SYN-039-02,effective_at,2026-08-02T11:00:00Z,2026-08-02T11:00:00.000000Z,SAFE_CANONICAL_FORMAT
po_events,162,PE-SYN-039-02,recorded_at,2026-08-02T11:00:00Z,2026-08-02T11:00:00.000000Z,SAFE_CANONICAL_FORMAT
po_events,163,PE-SYN-039-03,effective_at,2026-08-10T11:00:00Z,2026-08-10T11:00:00.000000Z,SAFE_CANONICAL_FORMAT
po_events,163,PE-SYN-039-03,recorded_at,2026-08-10T11:00:00Z,2026-08-10T11:00:00.000000Z,SAFE_CANONICAL_FORMAT
po_events,164,PE-SYN-040-01,effective_at,2026-08-09T13:00:00Z,2026-08-09T13:00:00.000000Z,SAFE_CANONICAL_FORMAT
po_events,164,PE-SYN-040-01,recorded_at,2026-08-09T13:00:00Z,2026-08-09T13:00:00.000000Z,SAFE_CANONICAL_FORMAT
po_events,165,PE-SYN-040-02,effective_at,2026-08-10T13:00:00Z,2026-08-10T13:00:00.000000Z,SAFE_CANONICAL_FORMAT
po_events,165,PE-SYN-040-02,recorded_at,2026-08-10T13:00:00Z,2026-08-10T13:00:00.000000Z,SAFE_CANONICAL_FORMAT
po_events,166,PE-SYN-041-01,effective_at,2026-08-07T15:00:00Z,2026-08-07T15:00:00.000000Z,SAFE_CANONICAL_FORMAT
po_events,166,PE-SYN-041-01,recorded_at,2026-08-07T15:00:00Z,2026-08-07T15:00:00.000000Z,SAFE_CANONICAL_FORMAT
po_events,167,PE-SYN-041-02,effective_at,2026-08-08T15:00:00Z,2026-08-08T15:00:00.000000Z,SAFE_CANONICAL_FORMAT
po_events,167,PE-SYN-041-02,recorded_at,2026-08-08T15:00:00Z,2026-08-08T15:00:00.000000Z,SAFE_CANONICAL_FORMAT
po_events,168,PE-SYN-042-01,effective_at,2026-08-06T12:00:00Z,2026-08-06T12:00:00.000000Z,SAFE_CANONICAL_FORMAT
po_events,168,PE-SYN-042-01,recorded_at,2026-08-06T12:00:00Z,2026-08-06T12:00:00.000000Z,SAFE_CANONICAL_FORMAT
po_events,169,PE-SYN-042-02,effective_at,2026-08-07T12:00:00Z,2026-08-07T12:00:00.000000Z,SAFE_CANONICAL_FORMAT
po_events,169,PE-SYN-042-02,recorded_at,2026-08-07T12:00:00Z,2026-08-07T12:00:00.000000Z,SAFE_CANONICAL_FORMAT
po_events,170,PE-SYN-043-01,effective_at,2026-08-06T11:00:00Z,2026-08-06T11:00:00.000000Z,SAFE_CANONICAL_FORMAT
po_events,170,PE-SYN-043-01,recorded_at,2026-08-06T11:00:00Z,2026-08-06T11:00:00.000000Z,SAFE_CANONICAL_FORMAT
po_events,171,PE-SYN-043-02,effective_at,2026-08-07T11:00:00Z,2026-08-07T11:00:00.000000Z,SAFE_CANONICAL_FORMAT
po_events,171,PE-SYN-043-02,recorded_at,2026-08-07T11:00:00Z,2026-08-07T11:00:00.000000Z,SAFE_CANONICAL_FORMAT
po_events,172,PE-SYN-044-01,effective_at,2026-08-10T15:00:00Z,2026-08-10T15:00:00.000000Z,SAFE_CANONICAL_FORMAT
po_events,172,PE-SYN-044-01,recorded_at,2026-08-10T15:00:00Z,2026-08-10T15:00:00.000000Z,SAFE_CANONICAL_FORMAT
po_events,173,PE-SYN-044-02,effective_at,2026-08-11T15:00:00Z,2026-08-11T15:00:00.000000Z,SAFE_CANONICAL_FORMAT
po_events,173,PE-SYN-044-02,recorded_at,2026-08-11T15:00:00Z,2026-08-11T15:00:00.000000Z,SAFE_CANONICAL_FORMAT
po_events,174,PE-SYN-045-01,effective_at,2026-08-07T13:00:00Z,2026-08-07T13:00:00.000000Z,SAFE_CANONICAL_FORMAT
po_events,174,PE-SYN-045-01,recorded_at,2026-08-07T13:00:00Z,2026-08-07T13:00:00.000000Z,SAFE_CANONICAL_FORMAT
po_events,175,PE-SYN-045-02,effective_at,2026-08-08T13:00:00Z,2026-08-08T13:00:00.000000Z,SAFE_CANONICAL_FORMAT
po_events,175,PE-SYN-045-02,recorded_at,2026-08-08T13:00:00Z,2026-08-08T13:00:00.000000Z,SAFE_CANONICAL_FORMAT
po_events,176,PE-SYN-046-01,effective_at,2026-08-03T14:00:00Z,2026-08-03T14:00:00.000000Z,SAFE_CANONICAL_FORMAT
po_events,176,PE-SYN-046-01,recorded_at,2026-08-03T14:00:00Z,2026-08-03T14:00:00.000000Z,SAFE_CANONICAL_FORMAT
po_events,177,PE-SYN-047-01,effective_at,2026-08-11T15:00:00Z,2026-08-11T15:00:00.000000Z,SAFE_CANONICAL_FORMAT
po_events,177,PE-SYN-047-01,recorded_at,2026-08-11T15:00:00Z,2026-08-11T15:00:00.000000Z,SAFE_CANONICAL_FORMAT
po_events,178,PE-SYN-047-02,effective_at,2026-08-24T15:00:00Z,2026-08-24T15:00:00.000000Z,SAFE_CANONICAL_FORMAT
po_events,178,PE-SYN-047-02,recorded_at,2026-08-24T15:00:00Z,2026-08-24T15:00:00.000000Z,SAFE_CANONICAL_FORMAT
po_events,179,PE-SYN-048-01,effective_at,2026-07-31T11:00:00Z,2026-07-31T11:00:00.000000Z,SAFE_CANONICAL_FORMAT
po_events,179,PE-SYN-048-01,recorded_at,2026-07-31T11:00:00Z,2026-07-31T11:00:00.000000Z,SAFE_CANONICAL_FORMAT
po_events,180,PE-SYN-048-02,effective_at,2026-08-01T11:00:00Z,2026-08-01T11:00:00.000000Z,SAFE_CANONICAL_FORMAT
po_events,180,PE-SYN-048-02,recorded_at,2026-08-01T11:00:00Z,2026-08-01T11:00:00.000000Z,SAFE_CANONICAL_FORMAT
po_events,181,PE-SYN-049-01,effective_at,2026-07-25T10:00:00Z,2026-07-25T10:00:00.000000Z,SAFE_CANONICAL_FORMAT
po_events,181,PE-SYN-049-01,recorded_at,2026-07-25T10:00:00Z,2026-07-25T10:00:00.000000Z,SAFE_CANONICAL_FORMAT
po_events,182,PE-SYN-049-02,effective_at,2026-07-26T10:00:00Z,2026-07-26T10:00:00.000000Z,SAFE_CANONICAL_FORMAT
po_events,182,PE-SYN-049-02,recorded_at,2026-07-26T10:00:00Z,2026-07-26T10:00:00.000000Z,SAFE_CANONICAL_FORMAT
po_events,183,PE-SYN-049-03,effective_at,2026-08-01T10:00:00Z,2026-08-01T10:00:00.000000Z,SAFE_CANONICAL_FORMAT
po_events,183,PE-SYN-049-03,recorded_at,2026-08-01T10:00:00Z,2026-08-01T10:00:00.000000Z,SAFE_CANONICAL_FORMAT
po_events,184,PE-SYN-050-01,effective_at,2026-08-02T13:00:00Z,2026-08-02T13:00:00.000000Z,SAFE_CANONICAL_FORMAT
po_events,184,PE-SYN-050-01,recorded_at,2026-08-02T13:00:00Z,2026-08-02T13:00:00.000000Z,SAFE_CANONICAL_FORMAT
po_events,185,PE-SYN-050-02,effective_at,2026-08-03T13:00:00Z,2026-08-03T13:00:00.000000Z,SAFE_CANONICAL_FORMAT
po_events,185,PE-SYN-050-02,recorded_at,2026-08-03T13:00:00Z,2026-08-03T13:00:00.000000Z,SAFE_CANONICAL_FORMAT
po_events,186,PE-SYN-051-01,effective_at,2026-08-04T13:00:00Z,2026-08-04T13:00:00.000000Z,SAFE_CANONICAL_FORMAT
po_events,186,PE-SYN-051-01,recorded_at,2026-08-04T13:00:00Z,2026-08-04T13:00:00.000000Z,SAFE_CANONICAL_FORMAT
po_events,187,PE-SYN-051-02,effective_at,2026-08-05T13:00:00Z,2026-08-05T13:00:00.000000Z,SAFE_CANONICAL_FORMAT
po_events,187,PE-SYN-051-02,recorded_at,2026-08-05T13:00:00Z,2026-08-05T13:00:00.000000Z,SAFE_CANONICAL_FORMAT
po_events,188,PE-SYN-052-01,effective_at,2026-08-16T15:00:00Z,2026-08-16T15:00:00.000000Z,SAFE_CANONICAL_FORMAT
po_events,188,PE-SYN-052-01,recorded_at,2026-08-16T15:00:00Z,2026-08-16T15:00:00.000000Z,SAFE_CANONICAL_FORMAT
po_events,189,PE-SYN-052-02,effective_at,2026-08-17T15:00:00Z,2026-08-17T15:00:00.000000Z,SAFE_CANONICAL_FORMAT
po_events,189,PE-SYN-052-02,recorded_at,2026-08-17T15:00:00Z,2026-08-17T15:00:00.000000Z,SAFE_CANONICAL_FORMAT
po_events,190,PE-SYN-053-01,effective_at,2026-07-25T10:00:00Z,2026-07-25T10:00:00.000000Z,SAFE_CANONICAL_FORMAT
po_events,190,PE-SYN-053-01,recorded_at,2026-07-25T10:00:00Z,2026-07-25T10:00:00.000000Z,SAFE_CANONICAL_FORMAT
po_events,191,PE-SYN-053-02,effective_at,2026-07-26T10:00:00Z,2026-07-26T10:00:00.000000Z,SAFE_CANONICAL_FORMAT
po_events,191,PE-SYN-053-02,recorded_at,2026-07-26T10:00:00Z,2026-07-26T10:00:00.000000Z,SAFE_CANONICAL_FORMAT
po_events,192,PE-SYN-054-01,effective_at,2026-08-08T14:00:00Z,2026-08-08T14:00:00.000000Z,SAFE_CANONICAL_FORMAT
po_events,192,PE-SYN-054-01,recorded_at,2026-08-08T14:00:00Z,2026-08-08T14:00:00.000000Z,SAFE_CANONICAL_FORMAT
po_events,193,PE-SYN-054-02,effective_at,2026-08-09T14:00:00Z,2026-08-09T14:00:00.000000Z,SAFE_CANONICAL_FORMAT
po_events,193,PE-SYN-054-02,recorded_at,2026-08-09T14:00:00Z,2026-08-09T14:00:00.000000Z,SAFE_CANONICAL_FORMAT
po_events,194,PE-SYN-055-01,effective_at,2026-08-09T11:00:00Z,2026-08-09T11:00:00.000000Z,SAFE_CANONICAL_FORMAT
po_events,194,PE-SYN-055-01,recorded_at,2026-08-09T11:00:00Z,2026-08-09T11:00:00.000000Z,SAFE_CANONICAL_FORMAT
po_events,195,PE-SYN-055-02,effective_at,2026-08-10T11:00:00Z,2026-08-10T11:00:00.000000Z,SAFE_CANONICAL_FORMAT
po_events,195,PE-SYN-055-02,recorded_at,2026-08-10T11:00:00Z,2026-08-10T11:00:00.000000Z,SAFE_CANONICAL_FORMAT
po_events,196,PE-SYN-056-01,effective_at,2026-08-13T10:00:00Z,2026-08-13T10:00:00.000000Z,SAFE_CANONICAL_FORMAT
po_events,196,PE-SYN-056-01,recorded_at,2026-08-13T10:00:00Z,2026-08-13T10:00:00.000000Z,SAFE_CANONICAL_FORMAT
po_events,197,PE-SYN-057-01,effective_at,2026-07-30T13:00:00Z,2026-07-30T13:00:00.000000Z,SAFE_CANONICAL_FORMAT
po_events,197,PE-SYN-057-01,recorded_at,2026-07-30T13:00:00Z,2026-07-30T13:00:00.000000Z,SAFE_CANONICAL_FORMAT
po_events,198,PE-SYN-057-02,effective_at,2026-08-08T13:00:00Z,2026-08-08T13:00:00.000000Z,SAFE_CANONICAL_FORMAT
po_events,198,PE-SYN-057-02,recorded_at,2026-08-08T13:00:00Z,2026-08-08T13:00:00.000000Z,SAFE_CANONICAL_FORMAT
po_events,199,PE-SYN-058-01,effective_at,2026-08-08T12:00:00Z,2026-08-08T12:00:00.000000Z,SAFE_CANONICAL_FORMAT
po_events,199,PE-SYN-058-01,recorded_at,2026-08-08T12:00:00Z,2026-08-08T12:00:00.000000Z,SAFE_CANONICAL_FORMAT
po_events,200,PE-SYN-058-02,effective_at,2026-08-09T12:00:00Z,2026-08-09T12:00:00.000000Z,SAFE_CANONICAL_FORMAT
po_events,200,PE-SYN-058-02,recorded_at,2026-08-09T12:00:00Z,2026-08-09T12:00:00.000000Z,SAFE_CANONICAL_FORMAT
po_events,201,PE-SYN-059-01,effective_at,2026-08-13T10:00:00Z,2026-08-13T10:00:00.000000Z,SAFE_CANONICAL_FORMAT
po_events,201,PE-SYN-059-01,recorded_at,2026-08-13T10:00:00Z,2026-08-13T10:00:00.000000Z,SAFE_CANONICAL_FORMAT
po_events,202,PE-SYN-059-02,effective_at,2026-08-14T10:00:00Z,2026-08-14T10:00:00.000000Z,SAFE_CANONICAL_FORMAT
po_events,202,PE-SYN-059-02,recorded_at,2026-08-14T10:00:00Z,2026-08-14T10:00:00.000000Z,SAFE_CANONICAL_FORMAT
po_events,203,PE-SYN-059-03,effective_at,2026-08-23T10:00:00Z,2026-08-23T10:00:00.000000Z,SAFE_CANONICAL_FORMAT
po_events,203,PE-SYN-059-03,recorded_at,2026-08-23T10:00:00Z,2026-08-23T10:00:00.000000Z,SAFE_CANONICAL_FORMAT
po_events,204,PE-SYN-060-01,effective_at,2026-08-12T14:00:00Z,2026-08-12T14:00:00.000000Z,SAFE_CANONICAL_FORMAT
po_events,204,PE-SYN-060-01,recorded_at,2026-08-12T14:00:00Z,2026-08-12T14:00:00.000000Z,SAFE_CANONICAL_FORMAT
po_events,205,PE-SYN-060-02,effective_at,2026-08-13T14:00:00Z,2026-08-13T14:00:00.000000Z,SAFE_CANONICAL_FORMAT
po_events,205,PE-SYN-060-02,recorded_at,2026-08-13T14:00:00Z,2026-08-13T14:00:00.000000Z,SAFE_CANONICAL_FORMAT
invoices,2, inv-case-cleanup ,invoice_id, inv-case-cleanup ,INV-CASE-CLEANUP,SAFE_CANONICAL_FORMAT
invoices,2, inv-case-cleanup ,supplier_id, sup-01 ,SUP-01,SAFE_CANONICAL_FORMAT
invoices,2, inv-case-cleanup ,request_id,  req-case-cleanup  ,REQ-CASE-CLEANUP,SAFE_CANONICAL_FORMAT
invoices,2, inv-case-cleanup ,po_id, po-case-cleanup ,PO-CASE-CLEANUP,SAFE_CANONICAL_FORMAT
invoices,2, inv-case-cleanup ,issued_at,2026-08-08T09:00:00Z,2026-08-08T09:00:00.000000Z,SAFE_CANONICAL_FORMAT
invoices,2, inv-case-cleanup ,received_at,2026-08-10T11:00:00+01:00,2026-08-10T10:00:00.000000Z,SAFE_CANONICAL_FORMAT
invoices,2, inv-case-cleanup ,amount_minor, 31050 ,31050,SAFE_CANONICAL_FORMAT
invoices,2, inv-case-cleanup ,currency, gbp ,GBP,SAFE_CANONICAL_FORMAT
invoices,2, inv-case-cleanup ,category, routine ,ROUTINE,SAFE_CANONICAL_FORMAT
invoices,2, inv-case-cleanup ,document_type, invoice ,INVOICE,SAFE_CANONICAL_FORMAT
invoices,3,INV-CASE-ABSENT-OWNER,issued_at,2026-08-08T09:00:00Z,2026-08-08T09:00:00.000000Z,SAFE_CANONICAL_FORMAT
invoices,3,INV-CASE-ABSENT-OWNER,received_at,2026-08-10T10:00:00Z,2026-08-10T10:00:00.000000Z,SAFE_CANONICAL_FORMAT
invoices,4,INV-CASE-AFTER-CUTOFF,issued_at,2026-08-30T09:00:00Z,2026-08-30T09:00:00.000000Z,SAFE_CANONICAL_FORMAT
invoices,4,INV-CASE-AFTER-CUTOFF,received_at,2026-08-31T20:00:00Z,2026-08-31T20:00:00.000000Z,SAFE_CANONICAL_FORMAT
invoices,5,INV-CASE-AMBIGUOUS-REFERENCE,issued_at,2026-08-08T09:00:00Z,2026-08-08T09:00:00.000000Z,SAFE_CANONICAL_FORMAT
invoices,5,INV-CASE-AMBIGUOUS-REFERENCE,received_at,2026-08-10T10:00:00Z,2026-08-10T10:00:00.000000Z,SAFE_CANONICAL_FORMAT
invoices,6,INV-CASE-AMBIGUOUS-STATE,issued_at,2026-08-08T09:00:00Z,2026-08-08T09:00:00.000000Z,SAFE_CANONICAL_FORMAT
invoices,6,INV-CASE-AMBIGUOUS-STATE,received_at,2026-08-10T10:00:00Z,2026-08-10T10:00:00.000000Z,SAFE_CANONICAL_FORMAT
invoices,7,INV-CASE-BAD-AMOUNT,issued_at,2026-08-08T09:00:00Z,2026-08-08T09:00:00.000000Z,SAFE_CANONICAL_FORMAT
invoices,7,INV-CASE-BAD-AMOUNT,received_at,2026-08-10T10:00:00Z,2026-08-10T10:00:00.000000Z,SAFE_CANONICAL_FORMAT
invoices,8,INV-CASE-BAD-CASE-HISTORY,issued_at,2026-08-08T09:00:00Z,2026-08-08T09:00:00.000000Z,SAFE_CANONICAL_FORMAT
invoices,8,INV-CASE-BAD-CASE-HISTORY,received_at,2026-08-10T10:00:00Z,2026-08-10T10:00:00.000000Z,SAFE_CANONICAL_FORMAT
invoices,9,INV-CASE-BAD-PO-HISTORY,issued_at,2026-08-08T09:00:00Z,2026-08-08T09:00:00.000000Z,SAFE_CANONICAL_FORMAT
invoices,9,INV-CASE-BAD-PO-HISTORY,received_at,2026-08-10T10:00:00Z,2026-08-10T10:00:00.000000Z,SAFE_CANONICAL_FORMAT
invoices,10,INV-CASE-BAD-TIMESTAMP,issued_at,2026-08-08T09:00:00Z,2026-08-08T09:00:00.000000Z,SAFE_CANONICAL_FORMAT
invoices,11,INV-CASE-BEFORE-COHORT,issued_at,2026-07-28T09:00:00Z,2026-07-28T09:00:00.000000Z,SAFE_CANONICAL_FORMAT
invoices,11,INV-CASE-BEFORE-COHORT,received_at,2026-07-30T10:00:00Z,2026-07-30T10:00:00.000000Z,SAFE_CANONICAL_FORMAT
invoices,12,INV-CASE-CAPITAL,issued_at,2026-08-08T09:00:00Z,2026-08-08T09:00:00.000000Z,SAFE_CANONICAL_FORMAT
invoices,12,INV-CASE-CAPITAL,received_at,2026-08-10T10:00:00Z,2026-08-10T10:00:00.000000Z,SAFE_CANONICAL_FORMAT
invoices,13,INV-CASE-CLOSED,issued_at,2026-08-08T09:00:00Z,2026-08-08T09:00:00.000000Z,SAFE_CANONICAL_FORMAT
invoices,13,INV-CASE-CLOSED,received_at,2026-08-10T10:00:00Z,2026-08-10T10:00:00.000000Z,SAFE_CANONICAL_FORMAT
invoices,14,INV-CASE-CLOSED-PO,issued_at,2026-08-08T09:00:00Z,2026-08-08T09:00:00.000000Z,SAFE_CANONICAL_FORMAT
invoices,14,INV-CASE-CLOSED-PO,received_at,2026-08-10T10:00:00Z,2026-08-10T10:00:00.000000Z,SAFE_CANONICAL_FORMAT
invoices,15,INV-CASE-COMMERCIAL-COLLISION-A,issued_at,2026-08-08T09:00:00Z,2026-08-08T09:00:00.000000Z,SAFE_CANONICAL_FORMAT
invoices,15,INV-CASE-COMMERCIAL-COLLISION-A,received_at,2026-08-10T10:00:00Z,2026-08-10T10:00:00.000000Z,SAFE_CANONICAL_FORMAT
invoices,16,INV-CASE-COMMERCIAL-COLLISION-B,issued_at,2026-08-08T09:00:00Z,2026-08-08T09:00:00.000000Z,SAFE_CANONICAL_FORMAT
invoices,16,INV-CASE-COMMERCIAL-COLLISION-B,received_at,2026-08-10T10:00:00Z,2026-08-10T10:00:00.000000Z,SAFE_CANONICAL_FORMAT
invoices,17,INV-CASE-CONFLICT-DUPLICATE,issued_at,2026-08-08T09:00:00Z,2026-08-08T09:00:00.000000Z,SAFE_CANONICAL_FORMAT
invoices,17,INV-CASE-CONFLICT-DUPLICATE,received_at,2026-08-10T10:00:00Z,2026-08-10T10:00:00.000000Z,SAFE_CANONICAL_FORMAT
invoices,18,INV-CASE-CONFLICT-DUPLICATE,issued_at,2026-08-08T09:00:00Z,2026-08-08T09:00:00.000000Z,SAFE_CANONICAL_FORMAT
invoices,18,INV-CASE-CONFLICT-DUPLICATE,received_at,2026-08-10T10:00:00Z,2026-08-10T10:00:00.000000Z,SAFE_CANONICAL_FORMAT
invoices,19,INV-CASE-CREDIT-NOTE,issued_at,2026-08-08T09:00:00Z,2026-08-08T09:00:00.000000Z,SAFE_CANONICAL_FORMAT
invoices,19,INV-CASE-CREDIT-NOTE,received_at,2026-08-10T10:00:00Z,2026-08-10T10:00:00.000000Z,SAFE_CANONICAL_FORMAT
invoices,20,INV-CASE-CURRENCY-MISMATCH,issued_at,2026-08-08T09:00:00Z,2026-08-08T09:00:00.000000Z,SAFE_CANONICAL_FORMAT
invoices,20,INV-CASE-CURRENCY-MISMATCH,received_at,2026-08-10T10:00:00Z,2026-08-10T10:00:00.000000Z,SAFE_CANONICAL_FORMAT
invoices,21,INV-CASE-EMERGENCY,issued_at,2026-08-08T09:00:00Z,2026-08-08T09:00:00.000000Z,SAFE_CANONICAL_FORMAT
invoices,21,INV-CASE-EMERGENCY,received_at,2026-08-10T10:00:00Z,2026-08-10T10:00:00.000000Z,SAFE_CANONICAL_FORMAT
invoices,22,INV-CASE-EQUAL-RECEIPT,issued_at,2026-08-08T09:00:00Z,2026-08-08T09:00:00.000000Z,SAFE_CANONICAL_FORMAT
invoices,22,INV-CASE-EQUAL-RECEIPT,received_at,2026-08-10T10:00:00Z,2026-08-10T10:00:00.000000Z,SAFE_CANONICAL_FORMAT
invoices,23,INV-CASE-EXACT-DUPLICATE,issued_at,2026-08-08T09:00:00Z,2026-08-08T09:00:00.000000Z,SAFE_CANONICAL_FORMAT
invoices,23,INV-CASE-EXACT-DUPLICATE,received_at,2026-08-10T10:00:00Z,2026-08-10T10:00:00.000000Z,SAFE_CANONICAL_FORMAT
invoices,24,INV-CASE-EXACT-DUPLICATE,issued_at,2026-08-08T09:00:00Z,2026-08-08T09:00:00.000000Z,SAFE_CANONICAL_FORMAT
invoices,24,INV-CASE-EXACT-DUPLICATE,received_at,2026-08-10T10:00:00Z,2026-08-10T10:00:00.000000Z,SAFE_CANONICAL_FORMAT
invoices,25,INV-CASE-FUTURE-REFERENCE,issued_at,2026-08-08T09:00:00Z,2026-08-08T09:00:00.000000Z,SAFE_CANONICAL_FORMAT
invoices,25,INV-CASE-FUTURE-REFERENCE,received_at,2026-08-10T10:00:00Z,2026-08-10T10:00:00.000000Z,SAFE_CANONICAL_FORMAT
invoices,26,INV-CASE-FUTURE-STATE,issued_at,2026-08-08T09:00:00Z,2026-08-08T09:00:00.000000Z,SAFE_CANONICAL_FORMAT
invoices,26,INV-CASE-FUTURE-STATE,received_at,2026-08-10T10:00:00Z,2026-08-10T10:00:00.000000Z,SAFE_CANONICAL_FORMAT
invoices,27,INV-CASE-LATE-CANCELLATION,issued_at,2026-08-08T09:00:00Z,2026-08-08T09:00:00.000000Z,SAFE_CANONICAL_FORMAT
invoices,27,INV-CASE-LATE-CANCELLATION,received_at,2026-08-10T10:00:00Z,2026-08-10T10:00:00.000000Z,SAFE_CANONICAL_FORMAT
invoices,28,INV-CASE-LATE-CREATED,issued_at,2026-08-08T09:00:00Z,2026-08-08T09:00:00.000000Z,SAFE_CANONICAL_FORMAT
invoices,28,INV-CASE-LATE-CREATED,received_at,2026-08-10T10:00:00Z,2026-08-10T10:00:00.000000Z,SAFE_CANONICAL_FORMAT
invoices,29,INV-CASE-LATE-RECORDED,issued_at,2026-08-08T09:00:00Z,2026-08-08T09:00:00.000000Z,SAFE_CANONICAL_FORMAT
invoices,29,INV-CASE-LATE-RECORDED,received_at,2026-08-10T10:00:00Z,2026-08-10T10:00:00.000000Z,SAFE_CANONICAL_FORMAT
invoices,30,INV-CASE-LATER-APPROVAL,issued_at,2026-08-08T09:00:00Z,2026-08-08T09:00:00.000000Z,SAFE_CANONICAL_FORMAT
invoices,30,INV-CASE-LATER-APPROVAL,received_at,2026-08-10T10:00:00Z,2026-08-10T10:00:00.000000Z,SAFE_CANONICAL_FORMAT
invoices,31,INV-CASE-MISSING-REFERENCE,issued_at,2026-08-08T09:00:00Z,2026-08-08T09:00:00.000000Z,SAFE_CANONICAL_FORMAT
invoices,31,INV-CASE-MISSING-REFERENCE,received_at,2026-08-10T10:00:00Z,2026-08-10T10:00:00.000000Z,SAFE_CANONICAL_FORMAT
invoices,32,INV-CASE-NO-STATE,issued_at,2026-08-08T09:00:00Z,2026-08-08T09:00:00.000000Z,SAFE_CANONICAL_FORMAT
invoices,32,INV-CASE-NO-STATE,received_at,2026-08-10T10:00:00Z,2026-08-10T10:00:00.000000Z,SAFE_CANONICAL_FORMAT
invoices,33,INV-CASE-NON-GBP,issued_at,2026-08-08T09:00:00Z,2026-08-08T09:00:00.000000Z,SAFE_CANONICAL_FORMAT
invoices,33,INV-CASE-NON-GBP,received_at,2026-08-10T10:00:00Z,2026-08-10T10:00:00.000000Z,SAFE_CANONICAL_FORMAT
invoices,34,INV-CASE-PO-EXEMPT,issued_at,2026-08-08T09:00:00Z,2026-08-08T09:00:00.000000Z,SAFE_CANONICAL_FORMAT
invoices,34,INV-CASE-PO-EXEMPT,received_at,2026-08-10T10:00:00Z,2026-08-10T10:00:00.000000Z,SAFE_CANONICAL_FORMAT
invoices,35,INV-CASE-REFERENCE-REPAIR,issued_at,2026-08-08T09:00:00Z,2026-08-08T09:00:00.000000Z,SAFE_CANONICAL_FORMAT
invoices,35,INV-CASE-REFERENCE-REPAIR,received_at,2026-08-10T10:00:00Z,2026-08-10T10:00:00.000000Z,SAFE_CANONICAL_FORMAT
invoices,36,INV-CASE-REOPENED,issued_at,2026-08-08T09:00:00Z,2026-08-08T09:00:00.000000Z,SAFE_CANONICAL_FORMAT
invoices,36,INV-CASE-REOPENED,received_at,2026-08-10T10:00:00Z,2026-08-10T10:00:00.000000Z,SAFE_CANONICAL_FORMAT
invoices,37,INV-CASE-SHARED-PO-A,issued_at,2026-08-08T09:00:00Z,2026-08-08T09:00:00.000000Z,SAFE_CANONICAL_FORMAT
invoices,37,INV-CASE-SHARED-PO-A,received_at,2026-08-10T10:00:00Z,2026-08-10T10:00:00.000000Z,SAFE_CANONICAL_FORMAT
invoices,38,INV-CASE-SHARED-PO-B,issued_at,2026-08-08T09:00:00Z,2026-08-08T09:00:00.000000Z,SAFE_CANONICAL_FORMAT
invoices,38,INV-CASE-SHARED-PO-B,received_at,2026-08-10T10:00:00Z,2026-08-10T10:00:00.000000Z,SAFE_CANONICAL_FORMAT
invoices,39,INV-CASE-UNKNOWN-REFERENCE,issued_at,2026-08-08T09:00:00Z,2026-08-08T09:00:00.000000Z,SAFE_CANONICAL_FORMAT
invoices,39,INV-CASE-UNKNOWN-REFERENCE,received_at,2026-08-10T10:00:00Z,2026-08-10T10:00:00.000000Z,SAFE_CANONICAL_FORMAT
invoices,40,INV-CASE-UNKNOWN-REQUEST,issued_at,2026-08-08T09:00:00Z,2026-08-08T09:00:00.000000Z,SAFE_CANONICAL_FORMAT
invoices,40,INV-CASE-UNKNOWN-REQUEST,received_at,2026-08-10T10:00:00Z,2026-08-10T10:00:00.000000Z,SAFE_CANONICAL_FORMAT
invoices,41,INV-CASE-UNKNOWN-SUPPLIER,issued_at,2026-08-08T09:00:00Z,2026-08-08T09:00:00.000000Z,SAFE_CANONICAL_FORMAT
invoices,41,INV-CASE-UNKNOWN-SUPPLIER,received_at,2026-08-10T10:00:00Z,2026-08-10T10:00:00.000000Z,SAFE_CANONICAL_FORMAT
invoices,42,INV-CASE-WRONG-REQUEST,issued_at,2026-08-08T09:00:00Z,2026-08-08T09:00:00.000000Z,SAFE_CANONICAL_FORMAT
invoices,42,INV-CASE-WRONG-REQUEST,received_at,2026-08-10T10:00:00Z,2026-08-10T10:00:00.000000Z,SAFE_CANONICAL_FORMAT
invoices,43,INV-CASE-WRONG-SUPPLIER,issued_at,2026-08-08T09:00:00Z,2026-08-08T09:00:00.000000Z,SAFE_CANONICAL_FORMAT
invoices,43,INV-CASE-WRONG-SUPPLIER,received_at,2026-08-10T10:00:00Z,2026-08-10T10:00:00.000000Z,SAFE_CANONICAL_FORMAT
invoices,44,INV-SYN-001,issued_at,2026-08-19T10:00:00Z,2026-08-19T10:00:00.000000Z,SAFE_CANONICAL_FORMAT
invoices,44,INV-SYN-001,received_at,2026-08-21T10:00:00Z,2026-08-21T10:00:00.000000Z,SAFE_CANONICAL_FORMAT
invoices,45,INV-SYN-002,issued_at,2026-08-10T15:00:00Z,2026-08-10T15:00:00.000000Z,SAFE_CANONICAL_FORMAT
invoices,45,INV-SYN-002,received_at,2026-08-13T15:00:00Z,2026-08-13T15:00:00.000000Z,SAFE_CANONICAL_FORMAT
invoices,46,INV-SYN-003,issued_at,2026-08-04T11:00:00Z,2026-08-04T11:00:00.000000Z,SAFE_CANONICAL_FORMAT
invoices,46,INV-SYN-003,received_at,2026-08-05T11:00:00Z,2026-08-05T11:00:00.000000Z,SAFE_CANONICAL_FORMAT
invoices,47,INV-SYN-004,issued_at,2026-08-08T11:00:00Z,2026-08-08T11:00:00.000000Z,SAFE_CANONICAL_FORMAT
invoices,47,INV-SYN-004,received_at,2026-08-11T11:00:00Z,2026-08-11T11:00:00.000000Z,SAFE_CANONICAL_FORMAT
invoices,48,INV-SYN-005,issued_at,2026-08-14T14:00:00Z,2026-08-14T14:00:00.000000Z,SAFE_CANONICAL_FORMAT
invoices,48,INV-SYN-005,received_at,2026-08-17T14:00:00Z,2026-08-17T14:00:00.000000Z,SAFE_CANONICAL_FORMAT
invoices,49,INV-SYN-006,issued_at,2026-08-08T15:00:00Z,2026-08-08T15:00:00.000000Z,SAFE_CANONICAL_FORMAT
invoices,49,INV-SYN-006,received_at,2026-08-09T15:00:00Z,2026-08-09T15:00:00.000000Z,SAFE_CANONICAL_FORMAT
invoices,50,INV-SYN-007,issued_at,2026-08-07T10:00:00Z,2026-08-07T10:00:00.000000Z,SAFE_CANONICAL_FORMAT
invoices,50,INV-SYN-007,received_at,2026-08-10T10:00:00Z,2026-08-10T10:00:00.000000Z,SAFE_CANONICAL_FORMAT
invoices,51,INV-SYN-008,issued_at,2026-08-09T10:00:00Z,2026-08-09T10:00:00.000000Z,SAFE_CANONICAL_FORMAT
invoices,51,INV-SYN-008,received_at,2026-08-10T10:00:00Z,2026-08-10T10:00:00.000000Z,SAFE_CANONICAL_FORMAT
invoices,52,INV-SYN-009,issued_at,2026-08-06T14:00:00Z,2026-08-06T14:00:00.000000Z,SAFE_CANONICAL_FORMAT
invoices,52,INV-SYN-009,received_at,2026-08-07T14:00:00Z,2026-08-07T14:00:00.000000Z,SAFE_CANONICAL_FORMAT
invoices,53,INV-SYN-010,issued_at,2026-08-10T15:00:00Z,2026-08-10T15:00:00.000000Z,SAFE_CANONICAL_FORMAT
invoices,53,INV-SYN-010,received_at,2026-08-12T15:00:00Z,2026-08-12T15:00:00.000000Z,SAFE_CANONICAL_FORMAT
invoices,54,INV-SYN-011,issued_at,2026-08-11T15:00:00Z,2026-08-11T15:00:00.000000Z,SAFE_CANONICAL_FORMAT
invoices,54,INV-SYN-011,received_at,2026-08-12T15:00:00Z,2026-08-12T15:00:00.000000Z,SAFE_CANONICAL_FORMAT
invoices,55,INV-SYN-012,issued_at,2026-08-13T15:00:00Z,2026-08-13T15:00:00.000000Z,SAFE_CANONICAL_FORMAT
invoices,55,INV-SYN-012,received_at,2026-08-14T15:00:00Z,2026-08-14T15:00:00.000000Z,SAFE_CANONICAL_FORMAT
invoices,56,INV-SYN-013,issued_at,2026-08-13T12:00:00Z,2026-08-13T12:00:00.000000Z,SAFE_CANONICAL_FORMAT
invoices,56,INV-SYN-013,received_at,2026-08-15T12:00:00Z,2026-08-15T12:00:00.000000Z,SAFE_CANONICAL_FORMAT
invoices,57,INV-SYN-014,issued_at,2026-08-02T10:00:00Z,2026-08-02T10:00:00.000000Z,SAFE_CANONICAL_FORMAT
invoices,57,INV-SYN-014,received_at,2026-08-04T10:00:00Z,2026-08-04T10:00:00.000000Z,SAFE_CANONICAL_FORMAT
invoices,58,INV-SYN-015,issued_at,2026-08-10T11:00:00Z,2026-08-10T11:00:00.000000Z,SAFE_CANONICAL_FORMAT
invoices,58,INV-SYN-015,received_at,2026-08-12T11:00:00Z,2026-08-12T11:00:00.000000Z,SAFE_CANONICAL_FORMAT
invoices,59,INV-SYN-016,issued_at,2026-08-06T14:00:00Z,2026-08-06T14:00:00.000000Z,SAFE_CANONICAL_FORMAT
invoices,59,INV-SYN-016,received_at,2026-08-09T14:00:00Z,2026-08-09T14:00:00.000000Z,SAFE_CANONICAL_FORMAT
invoices,60,INV-SYN-017,issued_at,2026-08-05T13:00:00Z,2026-08-05T13:00:00.000000Z,SAFE_CANONICAL_FORMAT
invoices,60,INV-SYN-017,received_at,2026-08-08T13:00:00Z,2026-08-08T13:00:00.000000Z,SAFE_CANONICAL_FORMAT
invoices,61,INV-SYN-018,issued_at,2026-08-11T12:00:00Z,2026-08-11T12:00:00.000000Z,SAFE_CANONICAL_FORMAT
invoices,61,INV-SYN-018,received_at,2026-08-12T12:00:00Z,2026-08-12T12:00:00.000000Z,SAFE_CANONICAL_FORMAT
invoices,62,INV-SYN-019,issued_at,2026-08-22T15:00:00Z,2026-08-22T15:00:00.000000Z,SAFE_CANONICAL_FORMAT
invoices,62,INV-SYN-019,received_at,2026-08-24T15:00:00Z,2026-08-24T15:00:00.000000Z,SAFE_CANONICAL_FORMAT
invoices,63,INV-SYN-020,issued_at,2026-08-13T14:00:00Z,2026-08-13T14:00:00.000000Z,SAFE_CANONICAL_FORMAT
invoices,63,INV-SYN-020,received_at,2026-08-14T14:00:00Z,2026-08-14T14:00:00.000000Z,SAFE_CANONICAL_FORMAT
invoices,64,INV-SYN-021,issued_at,2026-08-02T10:00:00Z,2026-08-02T10:00:00.000000Z,SAFE_CANONICAL_FORMAT
invoices,64,INV-SYN-021,received_at,2026-08-04T10:00:00Z,2026-08-04T10:00:00.000000Z,SAFE_CANONICAL_FORMAT
invoices,65,INV-SYN-022,issued_at,2026-08-15T11:00:00Z,2026-08-15T11:00:00.000000Z,SAFE_CANONICAL_FORMAT
invoices,65,INV-SYN-022,received_at,2026-08-16T11:00:00Z,2026-08-16T11:00:00.000000Z,SAFE_CANONICAL_FORMAT
invoices,66,INV-SYN-023,issued_at,2026-08-22T14:00:00Z,2026-08-22T14:00:00.000000Z,SAFE_CANONICAL_FORMAT
invoices,66,INV-SYN-023,received_at,2026-08-25T14:00:00Z,2026-08-25T14:00:00.000000Z,SAFE_CANONICAL_FORMAT
invoices,67,INV-SYN-024,issued_at,2026-08-02T10:00:00Z,2026-08-02T10:00:00.000000Z,SAFE_CANONICAL_FORMAT
invoices,67,INV-SYN-024,received_at,2026-08-04T10:00:00Z,2026-08-04T10:00:00.000000Z,SAFE_CANONICAL_FORMAT
invoices,68,INV-SYN-025,issued_at,2026-08-15T12:00:00Z,2026-08-15T12:00:00.000000Z,SAFE_CANONICAL_FORMAT
invoices,68,INV-SYN-025,received_at,2026-08-18T12:00:00Z,2026-08-18T12:00:00.000000Z,SAFE_CANONICAL_FORMAT
invoices,69,INV-SYN-026,issued_at,2026-08-19T12:00:00Z,2026-08-19T12:00:00.000000Z,SAFE_CANONICAL_FORMAT
invoices,69,INV-SYN-026,received_at,2026-08-21T12:00:00Z,2026-08-21T12:00:00.000000Z,SAFE_CANONICAL_FORMAT
invoices,70,INV-SYN-027,issued_at,2026-08-07T10:00:00Z,2026-08-07T10:00:00.000000Z,SAFE_CANONICAL_FORMAT
invoices,70,INV-SYN-027,received_at,2026-08-08T10:00:00Z,2026-08-08T10:00:00.000000Z,SAFE_CANONICAL_FORMAT
invoices,71,INV-SYN-028,issued_at,2026-08-03T14:00:00Z,2026-08-03T14:00:00.000000Z,SAFE_CANONICAL_FORMAT
invoices,71,INV-SYN-028,received_at,2026-08-05T14:00:00Z,2026-08-05T14:00:00.000000Z,SAFE_CANONICAL_FORMAT
invoices,72,INV-SYN-029,issued_at,2026-08-06T11:00:00Z,2026-08-06T11:00:00.000000Z,SAFE_CANONICAL_FORMAT
invoices,72,INV-SYN-029,received_at,2026-08-07T11:00:00Z,2026-08-07T11:00:00.000000Z,SAFE_CANONICAL_FORMAT
invoices,73,INV-SYN-030,issued_at,2026-08-01T15:00:00Z,2026-08-01T15:00:00.000000Z,SAFE_CANONICAL_FORMAT
invoices,73,INV-SYN-030,received_at,2026-08-03T15:00:00Z,2026-08-03T15:00:00.000000Z,SAFE_CANONICAL_FORMAT
invoices,74,INV-SYN-031,issued_at,2026-07-30T15:00:00Z,2026-07-30T15:00:00.000000Z,SAFE_CANONICAL_FORMAT
invoices,74,INV-SYN-031,received_at,2026-08-02T15:00:00Z,2026-08-02T15:00:00.000000Z,SAFE_CANONICAL_FORMAT
invoices,75,INV-SYN-032,issued_at,2026-08-08T14:00:00Z,2026-08-08T14:00:00.000000Z,SAFE_CANONICAL_FORMAT
invoices,75,INV-SYN-032,received_at,2026-08-10T14:00:00Z,2026-08-10T14:00:00.000000Z,SAFE_CANONICAL_FORMAT
invoices,76,INV-SYN-033,issued_at,2026-08-05T11:00:00Z,2026-08-05T11:00:00.000000Z,SAFE_CANONICAL_FORMAT
invoices,76,INV-SYN-033,received_at,2026-08-07T11:00:00Z,2026-08-07T11:00:00.000000Z,SAFE_CANONICAL_FORMAT
invoices,77,INV-SYN-034,issued_at,2026-08-17T15:00:00Z,2026-08-17T15:00:00.000000Z,SAFE_CANONICAL_FORMAT
invoices,77,INV-SYN-034,received_at,2026-08-19T15:00:00Z,2026-08-19T15:00:00.000000Z,SAFE_CANONICAL_FORMAT
invoices,78,INV-SYN-035,issued_at,2026-08-14T12:00:00Z,2026-08-14T12:00:00.000000Z,SAFE_CANONICAL_FORMAT
invoices,78,INV-SYN-035,received_at,2026-08-15T12:00:00Z,2026-08-15T12:00:00.000000Z,SAFE_CANONICAL_FORMAT
invoices,79,INV-SYN-036,issued_at,2026-08-16T12:00:00Z,2026-08-16T12:00:00.000000Z,SAFE_CANONICAL_FORMAT
invoices,79,INV-SYN-036,received_at,2026-08-17T12:00:00Z,2026-08-17T12:00:00.000000Z,SAFE_CANONICAL_FORMAT
invoices,80,INV-SYN-037,issued_at,2026-08-08T12:00:00Z,2026-08-08T12:00:00.000000Z,SAFE_CANONICAL_FORMAT
invoices,80,INV-SYN-037,received_at,2026-08-11T12:00:00Z,2026-08-11T12:00:00.000000Z,SAFE_CANONICAL_FORMAT
invoices,81,INV-SYN-038,issued_at,2026-08-17T11:00:00Z,2026-08-17T11:00:00.000000Z,SAFE_CANONICAL_FORMAT
invoices,81,INV-SYN-038,received_at,2026-08-20T11:00:00Z,2026-08-20T11:00:00.000000Z,SAFE_CANONICAL_FORMAT
invoices,82,INV-SYN-039,issued_at,2026-08-09T11:00:00Z,2026-08-09T11:00:00.000000Z,SAFE_CANONICAL_FORMAT
invoices,82,INV-SYN-039,received_at,2026-08-11T11:00:00Z,2026-08-11T11:00:00.000000Z,SAFE_CANONICAL_FORMAT
invoices,83,INV-SYN-040,issued_at,2026-08-14T13:00:00Z,2026-08-14T13:00:00.000000Z,SAFE_CANONICAL_FORMAT
invoices,83,INV-SYN-040,received_at,2026-08-16T13:00:00Z,2026-08-16T13:00:00.000000Z,SAFE_CANONICAL_FORMAT
invoices,84,INV-SYN-041,issued_at,2026-08-12T15:00:00Z,2026-08-12T15:00:00.000000Z,SAFE_CANONICAL_FORMAT
invoices,84,INV-SYN-041,received_at,2026-08-13T15:00:00Z,2026-08-13T15:00:00.000000Z,SAFE_CANONICAL_FORMAT
invoices,85,INV-SYN-042,issued_at,2026-08-15T12:00:00Z,2026-08-15T12:00:00.000000Z,SAFE_CANONICAL_FORMAT
invoices,85,INV-SYN-042,received_at,2026-08-18T12:00:00Z,2026-08-18T12:00:00.000000Z,SAFE_CANONICAL_FORMAT
invoices,86,INV-SYN-043,issued_at,2026-08-16T11:00:00Z,2026-08-16T11:00:00.000000Z,SAFE_CANONICAL_FORMAT
invoices,86,INV-SYN-043,received_at,2026-08-18T11:00:00Z,2026-08-18T11:00:00.000000Z,SAFE_CANONICAL_FORMAT
invoices,87,INV-SYN-044,issued_at,2026-08-19T15:00:00Z,2026-08-19T15:00:00.000000Z,SAFE_CANONICAL_FORMAT
invoices,87,INV-SYN-044,received_at,2026-08-20T15:00:00Z,2026-08-20T15:00:00.000000Z,SAFE_CANONICAL_FORMAT
invoices,88,INV-SYN-045,issued_at,2026-08-09T13:00:00Z,2026-08-09T13:00:00.000000Z,SAFE_CANONICAL_FORMAT
invoices,88,INV-SYN-045,received_at,2026-08-12T13:00:00Z,2026-08-12T13:00:00.000000Z,SAFE_CANONICAL_FORMAT
invoices,89,INV-SYN-046,issued_at,2026-08-06T14:00:00Z,2026-08-06T14:00:00.000000Z,SAFE_CANONICAL_FORMAT
invoices,89,INV-SYN-046,received_at,2026-08-08T14:00:00Z,2026-08-08T14:00:00.000000Z,SAFE_CANONICAL_FORMAT
invoices,90,INV-SYN-047,issued_at,2026-08-19T15:00:00Z,2026-08-19T15:00:00.000000Z,SAFE_CANONICAL_FORMAT
invoices,90,INV-SYN-047,received_at,2026-08-21T15:00:00Z,2026-08-21T15:00:00.000000Z,SAFE_CANONICAL_FORMAT
invoices,91,INV-SYN-048,issued_at,2026-08-05T11:00:00Z,2026-08-05T11:00:00.000000Z,SAFE_CANONICAL_FORMAT
invoices,91,INV-SYN-048,received_at,2026-08-08T11:00:00Z,2026-08-08T11:00:00.000000Z,SAFE_CANONICAL_FORMAT
invoices,92,INV-SYN-049,issued_at,2026-08-01T10:00:00Z,2026-08-01T10:00:00.000000Z,SAFE_CANONICAL_FORMAT
invoices,92,INV-SYN-049,received_at,2026-08-02T10:00:00Z,2026-08-02T10:00:00.000000Z,SAFE_CANONICAL_FORMAT
invoices,93,INV-SYN-050,issued_at,2026-08-09T13:00:00Z,2026-08-09T13:00:00.000000Z,SAFE_CANONICAL_FORMAT
invoices,93,INV-SYN-050,received_at,2026-08-10T13:00:00Z,2026-08-10T13:00:00.000000Z,SAFE_CANONICAL_FORMAT
invoices,94,INV-SYN-051,issued_at,2026-08-14T13:00:00Z,2026-08-14T13:00:00.000000Z,SAFE_CANONICAL_FORMAT
invoices,94,INV-SYN-051,received_at,2026-08-15T13:00:00Z,2026-08-15T13:00:00.000000Z,SAFE_CANONICAL_FORMAT
invoices,95,INV-SYN-052,issued_at,2026-08-23T15:00:00Z,2026-08-23T15:00:00.000000Z,SAFE_CANONICAL_FORMAT
invoices,95,INV-SYN-052,received_at,2026-08-25T15:00:00Z,2026-08-25T15:00:00.000000Z,SAFE_CANONICAL_FORMAT
invoices,96,INV-SYN-053,issued_at,2026-08-01T10:00:00Z,2026-08-01T10:00:00.000000Z,SAFE_CANONICAL_FORMAT
invoices,96,INV-SYN-053,received_at,2026-08-04T10:00:00Z,2026-08-04T10:00:00.000000Z,SAFE_CANONICAL_FORMAT
invoices,97,INV-SYN-054,issued_at,2026-08-14T14:00:00Z,2026-08-14T14:00:00.000000Z,SAFE_CANONICAL_FORMAT
invoices,97,INV-SYN-054,received_at,2026-08-15T14:00:00Z,2026-08-15T14:00:00.000000Z,SAFE_CANONICAL_FORMAT
invoices,98,INV-SYN-055,issued_at,2026-08-17T11:00:00Z,2026-08-17T11:00:00.000000Z,SAFE_CANONICAL_FORMAT
invoices,98,INV-SYN-055,received_at,2026-08-19T11:00:00Z,2026-08-19T11:00:00.000000Z,SAFE_CANONICAL_FORMAT
invoices,99,INV-SYN-056,issued_at,2026-08-18T10:00:00Z,2026-08-18T10:00:00.000000Z,SAFE_CANONICAL_FORMAT
invoices,99,INV-SYN-056,received_at,2026-08-19T10:00:00Z,2026-08-19T10:00:00.000000Z,SAFE_CANONICAL_FORMAT
invoices,100,INV-SYN-057,issued_at,2026-08-02T13:00:00Z,2026-08-02T13:00:00.000000Z,SAFE_CANONICAL_FORMAT
invoices,100,INV-SYN-057,received_at,2026-08-05T13:00:00Z,2026-08-05T13:00:00.000000Z,SAFE_CANONICAL_FORMAT
invoices,101,INV-SYN-058,issued_at,2026-08-17T12:00:00Z,2026-08-17T12:00:00.000000Z,SAFE_CANONICAL_FORMAT
invoices,101,INV-SYN-058,received_at,2026-08-19T12:00:00Z,2026-08-19T12:00:00.000000Z,SAFE_CANONICAL_FORMAT
invoices,102,INV-SYN-059,issued_at,2026-08-21T10:00:00Z,2026-08-21T10:00:00.000000Z,SAFE_CANONICAL_FORMAT
invoices,102,INV-SYN-059,received_at,2026-08-24T10:00:00Z,2026-08-24T10:00:00.000000Z,SAFE_CANONICAL_FORMAT
invoices,103,INV-SYN-060,issued_at,2026-08-20T14:00:00Z,2026-08-20T14:00:00.000000Z,SAFE_CANONICAL_FORMAT
invoices,103,INV-SYN-060,received_at,2026-08-23T14:00:00Z,2026-08-23T14:00:00.000000Z,SAFE_CANONICAL_FORMAT
case_events,2,CE-AMBIGUOUS-REFERENCE-A,effective_at,2026-08-15T09:00:00Z,2026-08-15T09:00:00.000000Z,SAFE_CANONICAL_FORMAT
case_events,2,CE-AMBIGUOUS-REFERENCE-A,recorded_at,2026-08-15T09:00:00Z,2026-08-15T09:00:00.000000Z,SAFE_CANONICAL_FORMAT
case_events,3,CE-AMBIGUOUS-REFERENCE-B,effective_at,2026-08-15T09:00:00Z,2026-08-15T09:00:00.000000Z,SAFE_CANONICAL_FORMAT
case_events,3,CE-AMBIGUOUS-REFERENCE-B,recorded_at,2026-08-15T09:00:00Z,2026-08-15T09:00:00.000000Z,SAFE_CANONICAL_FORMAT
case_events,4,CE-BAD-CASE-HISTORY,effective_at,2026-08-13T09:00:00Z,2026-08-13T09:00:00.000000Z,SAFE_CANONICAL_FORMAT
case_events,5,CE-CASE-CLOSED-CLOSE,effective_at,2026-08-14T09:00:00Z,2026-08-14T09:00:00.000000Z,SAFE_CANONICAL_FORMAT
case_events,5,CE-CASE-CLOSED-CLOSE,recorded_at,2026-08-14T09:00:00Z,2026-08-14T09:00:00.000000Z,SAFE_CANONICAL_FORMAT
case_events,6,CE-CASE-REOPENED-CLOSE,effective_at,2026-08-14T09:00:00Z,2026-08-14T09:00:00.000000Z,SAFE_CANONICAL_FORMAT
case_events,6,CE-CASE-REOPENED-CLOSE,recorded_at,2026-08-14T09:00:00Z,2026-08-14T09:00:00.000000Z,SAFE_CANONICAL_FORMAT
case_events,7,CE-CASE-REOPENED-REOPEN,effective_at,2026-08-20T09:00:00Z,2026-08-20T09:00:00.000000Z,SAFE_CANONICAL_FORMAT
case_events,7,CE-CASE-REOPENED-REOPEN,recorded_at,2026-08-20T09:00:00Z,2026-08-20T09:00:00.000000Z,SAFE_CANONICAL_FORMAT
case_events,8,CE-FUTURE-REFERENCE,effective_at,2026-08-31T20:00:00Z,2026-08-31T20:00:00.000000Z,SAFE_CANONICAL_FORMAT
case_events,8,CE-FUTURE-REFERENCE,recorded_at,2026-08-31T20:00:00Z,2026-08-31T20:00:00.000000Z,SAFE_CANONICAL_FORMAT
case_events,9,CE-LATER-APPROVAL-FOLLOWUP,effective_at,2026-08-12T09:00:00Z,2026-08-12T09:00:00.000000Z,SAFE_CANONICAL_FORMAT
case_events,9,CE-LATER-APPROVAL-FOLLOWUP,recorded_at,2026-08-12T09:00:00Z,2026-08-12T09:00:00.000000Z,SAFE_CANONICAL_FORMAT
case_events,10,CE-REFERENCE-REPAIR,effective_at,2026-08-12T09:00:00Z,2026-08-12T09:00:00.000000Z,SAFE_CANONICAL_FORMAT
case_events,10,CE-REFERENCE-REPAIR,recorded_at,2026-08-12T09:00:00Z,2026-08-12T09:00:00.000000Z,SAFE_CANONICAL_FORMAT
case_events,11,CE-SHARED-A-11,effective_at,2026-08-11T09:00:00Z,2026-08-11T09:00:00.000000Z,SAFE_CANONICAL_FORMAT
case_events,11,CE-SHARED-A-11,recorded_at,2026-08-11T09:00:00Z,2026-08-11T09:00:00.000000Z,SAFE_CANONICAL_FORMAT
case_events,12,CE-SHARED-A-12,effective_at,2026-08-12T09:00:00Z,2026-08-12T09:00:00.000000Z,SAFE_CANONICAL_FORMAT
case_events,12,CE-SHARED-A-12,recorded_at,2026-08-12T09:00:00Z,2026-08-12T09:00:00.000000Z,SAFE_CANONICAL_FORMAT
case_events,13,CE-SHARED-B-11,effective_at,2026-08-11T09:00:00Z,2026-08-11T09:00:00.000000Z,SAFE_CANONICAL_FORMAT
case_events,13,CE-SHARED-B-11,recorded_at,2026-08-11T09:00:00Z,2026-08-11T09:00:00.000000Z,SAFE_CANONICAL_FORMAT
case_events,14,CE-SHARED-B-12,effective_at,2026-08-12T09:00:00Z,2026-08-12T09:00:00.000000Z,SAFE_CANONICAL_FORMAT
case_events,14,CE-SHARED-B-12,recorded_at,2026-08-12T09:00:00Z,2026-08-12T09:00:00.000000Z,SAFE_CANONICAL_FORMAT
case_events,15,CE-SYN-004-CLOSED,effective_at,2026-08-15T11:00:00Z,2026-08-15T11:00:00.000000Z,SAFE_CANONICAL_FORMAT
case_events,15,CE-SYN-004-CLOSED,recorded_at,2026-08-15T11:00:00Z,2026-08-15T11:00:00.000000Z,SAFE_CANONICAL_FORMAT
case_events,16,CE-SYN-006-FOLLOWUP,effective_at,2026-08-10T15:00:00Z,2026-08-10T15:00:00.000000Z,SAFE_CANONICAL_FORMAT
case_events,16,CE-SYN-006-FOLLOWUP,recorded_at,2026-08-10T15:00:00Z,2026-08-10T15:00:00.000000Z,SAFE_CANONICAL_FORMAT
case_events,17,CE-SYN-007-FOLLOWUP,effective_at,2026-08-11T10:00:00Z,2026-08-11T10:00:00.000000Z,SAFE_CANONICAL_FORMAT
case_events,17,CE-SYN-007-FOLLOWUP,recorded_at,2026-08-11T10:00:00Z,2026-08-11T10:00:00.000000Z,SAFE_CANONICAL_FORMAT
case_events,18,CE-SYN-008-FOLLOWUP,effective_at,2026-08-11T10:00:00Z,2026-08-11T10:00:00.000000Z,SAFE_CANONICAL_FORMAT
case_events,18,CE-SYN-008-FOLLOWUP,recorded_at,2026-08-11T10:00:00Z,2026-08-11T10:00:00.000000Z,SAFE_CANONICAL_FORMAT
case_events,19,CE-SYN-009-FOLLOWUP,effective_at,2026-08-08T14:00:00Z,2026-08-08T14:00:00.000000Z,SAFE_CANONICAL_FORMAT
case_events,19,CE-SYN-009-FOLLOWUP,recorded_at,2026-08-08T14:00:00Z,2026-08-08T14:00:00.000000Z,SAFE_CANONICAL_FORMAT
case_events,20,CE-SYN-012-CLOSED,effective_at,2026-08-18T15:00:00Z,2026-08-18T15:00:00.000000Z,SAFE_CANONICAL_FORMAT
case_events,20,CE-SYN-012-CLOSED,recorded_at,2026-08-18T15:00:00Z,2026-08-18T15:00:00.000000Z,SAFE_CANONICAL_FORMAT
case_events,21,CE-SYN-016-FOLLOWUP,effective_at,2026-08-10T14:00:00Z,2026-08-10T14:00:00.000000Z,SAFE_CANONICAL_FORMAT
case_events,21,CE-SYN-016-FOLLOWUP,recorded_at,2026-08-10T14:00:00Z,2026-08-10T14:00:00.000000Z,SAFE_CANONICAL_FORMAT
case_events,22,CE-SYN-017-FOLLOWUP,effective_at,2026-08-09T13:00:00Z,2026-08-09T13:00:00.000000Z,SAFE_CANONICAL_FORMAT
case_events,22,CE-SYN-017-FOLLOWUP,recorded_at,2026-08-09T13:00:00Z,2026-08-09T13:00:00.000000Z,SAFE_CANONICAL_FORMAT
case_events,23,CE-SYN-018-FOLLOWUP,effective_at,2026-08-13T12:00:00Z,2026-08-13T12:00:00.000000Z,SAFE_CANONICAL_FORMAT
case_events,23,CE-SYN-018-FOLLOWUP,recorded_at,2026-08-13T12:00:00Z,2026-08-13T12:00:00.000000Z,SAFE_CANONICAL_FORMAT
case_events,24,CE-SYN-019-FOLLOWUP,effective_at,2026-08-25T15:00:00Z,2026-08-25T15:00:00.000000Z,SAFE_CANONICAL_FORMAT
case_events,24,CE-SYN-019-FOLLOWUP,recorded_at,2026-08-25T15:00:00Z,2026-08-25T15:00:00.000000Z,SAFE_CANONICAL_FORMAT
case_events,25,CE-SYN-020-CLOSED,effective_at,2026-08-18T14:00:00Z,2026-08-18T14:00:00.000000Z,SAFE_CANONICAL_FORMAT
case_events,25,CE-SYN-020-CLOSED,recorded_at,2026-08-18T14:00:00Z,2026-08-18T14:00:00.000000Z,SAFE_CANONICAL_FORMAT
case_events,26,CE-SYN-024-CLOSED,effective_at,2026-08-08T10:00:00Z,2026-08-08T10:00:00.000000Z,SAFE_CANONICAL_FORMAT
case_events,26,CE-SYN-024-CLOSED,recorded_at,2026-08-08T10:00:00Z,2026-08-08T10:00:00.000000Z,SAFE_CANONICAL_FORMAT
case_events,27,CE-SYN-026-FOLLOWUP,effective_at,2026-08-22T12:00:00Z,2026-08-22T12:00:00.000000Z,SAFE_CANONICAL_FORMAT
case_events,27,CE-SYN-026-FOLLOWUP,recorded_at,2026-08-22T12:00:00Z,2026-08-22T12:00:00.000000Z,SAFE_CANONICAL_FORMAT
case_events,28,CE-SYN-027-FOLLOWUP,effective_at,2026-08-09T10:00:00Z,2026-08-09T10:00:00.000000Z,SAFE_CANONICAL_FORMAT
case_events,28,CE-SYN-027-FOLLOWUP,recorded_at,2026-08-09T10:00:00Z,2026-08-09T10:00:00.000000Z,SAFE_CANONICAL_FORMAT
case_events,29,CE-SYN-028-FOLLOWUP,effective_at,2026-08-06T14:00:00Z,2026-08-06T14:00:00.000000Z,SAFE_CANONICAL_FORMAT
case_events,29,CE-SYN-028-FOLLOWUP,recorded_at,2026-08-06T14:00:00Z,2026-08-06T14:00:00.000000Z,SAFE_CANONICAL_FORMAT
case_events,30,CE-SYN-029-FOLLOWUP,effective_at,2026-08-08T11:00:00Z,2026-08-08T11:00:00.000000Z,SAFE_CANONICAL_FORMAT
case_events,30,CE-SYN-029-FOLLOWUP,recorded_at,2026-08-08T11:00:00Z,2026-08-08T11:00:00.000000Z,SAFE_CANONICAL_FORMAT
case_events,31,CE-SYN-032-CLOSED,effective_at,2026-08-14T14:00:00Z,2026-08-14T14:00:00.000000Z,SAFE_CANONICAL_FORMAT
case_events,31,CE-SYN-032-CLOSED,recorded_at,2026-08-14T14:00:00Z,2026-08-14T14:00:00.000000Z,SAFE_CANONICAL_FORMAT
case_events,32,CE-SYN-036-FOLLOWUP,effective_at,2026-08-18T12:00:00Z,2026-08-18T12:00:00.000000Z,SAFE_CANONICAL_FORMAT
case_events,32,CE-SYN-036-FOLLOWUP,recorded_at,2026-08-18T12:00:00Z,2026-08-18T12:00:00.000000Z,SAFE_CANONICAL_FORMAT
case_events,33,CE-SYN-037-FOLLOWUP,effective_at,2026-08-12T12:00:00Z,2026-08-12T12:00:00.000000Z,SAFE_CANONICAL_FORMAT
case_events,33,CE-SYN-037-FOLLOWUP,recorded_at,2026-08-12T12:00:00Z,2026-08-12T12:00:00.000000Z,SAFE_CANONICAL_FORMAT
case_events,34,CE-SYN-038-FOLLOWUP,effective_at,2026-08-21T11:00:00Z,2026-08-21T11:00:00.000000Z,SAFE_CANONICAL_FORMAT
case_events,34,CE-SYN-038-FOLLOWUP,recorded_at,2026-08-21T11:00:00Z,2026-08-21T11:00:00.000000Z,SAFE_CANONICAL_FORMAT
case_events,35,CE-SYN-039-FOLLOWUP,effective_at,2026-08-12T11:00:00Z,2026-08-12T11:00:00.000000Z,SAFE_CANONICAL_FORMAT
case_events,35,CE-SYN-039-FOLLOWUP,recorded_at,2026-08-12T11:00:00Z,2026-08-12T11:00:00.000000Z,SAFE_CANONICAL_FORMAT
case_events,36,CE-SYN-040-CLOSED,effective_at,2026-08-20T13:00:00Z,2026-08-20T13:00:00.000000Z,SAFE_CANONICAL_FORMAT
case_events,36,CE-SYN-040-CLOSED,recorded_at,2026-08-20T13:00:00Z,2026-08-20T13:00:00.000000Z,SAFE_CANONICAL_FORMAT
case_events,37,CE-SYN-044-CLOSED,effective_at,2026-08-24T15:00:00Z,2026-08-24T15:00:00.000000Z,SAFE_CANONICAL_FORMAT
case_events,37,CE-SYN-044-CLOSED,recorded_at,2026-08-24T15:00:00Z,2026-08-24T15:00:00.000000Z,SAFE_CANONICAL_FORMAT
case_events,38,CE-SYN-046-FOLLOWUP,effective_at,2026-08-09T14:00:00Z,2026-08-09T14:00:00.000000Z,SAFE_CANONICAL_FORMAT
case_events,38,CE-SYN-046-FOLLOWUP,recorded_at,2026-08-09T14:00:00Z,2026-08-09T14:00:00.000000Z,SAFE_CANONICAL_FORMAT
case_events,39,CE-SYN-047-FOLLOWUP,effective_at,2026-08-22T15:00:00Z,2026-08-22T15:00:00.000000Z,SAFE_CANONICAL_FORMAT
case_events,39,CE-SYN-047-FOLLOWUP,recorded_at,2026-08-22T15:00:00Z,2026-08-22T15:00:00.000000Z,SAFE_CANONICAL_FORMAT
case_events,40,CE-SYN-048-FOLLOWUP,effective_at,2026-08-09T11:00:00Z,2026-08-09T11:00:00.000000Z,SAFE_CANONICAL_FORMAT
case_events,40,CE-SYN-048-FOLLOWUP,recorded_at,2026-08-09T11:00:00Z,2026-08-09T11:00:00.000000Z,SAFE_CANONICAL_FORMAT
case_events,41,CE-SYN-049-FOLLOWUP,effective_at,2026-08-03T10:00:00Z,2026-08-03T10:00:00.000000Z,SAFE_CANONICAL_FORMAT
case_events,41,CE-SYN-049-FOLLOWUP,recorded_at,2026-08-03T10:00:00Z,2026-08-03T10:00:00.000000Z,SAFE_CANONICAL_FORMAT
case_events,42,CE-SYN-052-CLOSED,effective_at,2026-08-29T15:00:00Z,2026-08-29T15:00:00.000000Z,SAFE_CANONICAL_FORMAT
case_events,42,CE-SYN-052-CLOSED,recorded_at,2026-08-29T15:00:00Z,2026-08-29T15:00:00.000000Z,SAFE_CANONICAL_FORMAT
case_events,43,CE-SYN-056-FOLLOWUP,effective_at,2026-08-20T10:00:00Z,2026-08-20T10:00:00.000000Z,SAFE_CANONICAL_FORMAT
case_events,43,CE-SYN-056-FOLLOWUP,recorded_at,2026-08-20T10:00:00Z,2026-08-20T10:00:00.000000Z,SAFE_CANONICAL_FORMAT
case_events,44,CE-SYN-057-FOLLOWUP,effective_at,2026-08-06T13:00:00Z,2026-08-06T13:00:00.000000Z,SAFE_CANONICAL_FORMAT
case_events,44,CE-SYN-057-FOLLOWUP,recorded_at,2026-08-06T13:00:00Z,2026-08-06T13:00:00.000000Z,SAFE_CANONICAL_FORMAT
case_events,45,CE-SYN-058-FOLLOWUP,effective_at,2026-08-20T12:00:00Z,2026-08-20T12:00:00.000000Z,SAFE_CANONICAL_FORMAT
case_events,45,CE-SYN-058-FOLLOWUP,recorded_at,2026-08-20T12:00:00Z,2026-08-20T12:00:00.000000Z,SAFE_CANONICAL_FORMAT
case_events,46,CE-SYN-059-FOLLOWUP,effective_at,2026-08-25T10:00:00Z,2026-08-25T10:00:00.000000Z,SAFE_CANONICAL_FORMAT
case_events,46,CE-SYN-059-FOLLOWUP,recorded_at,2026-08-25T10:00:00Z,2026-08-25T10:00:00.000000Z,SAFE_CANONICAL_FORMAT
case_events,47,CE-SYN-060-CLOSED,effective_at,2026-08-27T14:00:00Z,2026-08-27T14:00:00.000000Z,SAFE_CANONICAL_FORMAT
case_events,47,CE-SYN-060-CLOSED,recorded_at,2026-08-27T14:00:00Z,2026-08-27T14:00:00.000000Z,SAFE_CANONICAL_FORMAT
